distance,kmb1,mtr1,hr,income
0.000000000000000,5.813823699951172,11.362752914428709,,31000.000
1.000000000000000,5.820036888122560,11.396265983581541,,31000.000
2.000000000000000,5.805828571319580,11.414354324340820,,31000.000
3.000000000000000,5.812653064727784,11.447067260742188,,31000.000
4.000000000000000,5.798201084136964,11.464718818664551,,31000.000
5.000000000000000,5.805550098419190,11.479226112365723,,31000.000
6.000000000000000,5.790889263153076,11.496624946594238,,31000.000
7.000000000000000,5.813727378845216,11.527966499328613,,31000.000
8.000000000000000,5.799035072326660,11.544919013977051,,31000.000
9.000000000000000,5.808143138885498,11.575444221496582,,31000.000
10.000000000000000,5.793549537658692,11.591942787170410,,31000.000
11.000000000000000,5.803500652313232,11.621639251708984,,31000.000
12.000000000000000,5.788979530334474,11.621639251708984,,31000.000
13.000000000000000,5.814299106597900,11.650763511657715,,31000.000
14.000000000000000,5.799691200256348,11.666542053222656,,31000.000
15.000000000000000,5.811189651489258,11.694827079772949,,31000.000
16.000000000000000,5.823572635650636,11.710138320922852,,31000.000
17.000000000000000,5.809206485748292,11.737579345703123,,31000.000
18.000000000000000,5.822580814361572,11.749656677246094,,31000.000
19.000000000000000,5.808178424835206,11.764434814453123,,31000.000
20.000000000000000,5.836537361145020,11.790703773498535,,31000.000
21.000000000000000,5.821832180023194,11.805006980895996,,31000.000
22.000000000000000,5.835967540740968,11.830416679382324,,31000.000
23.000000000000000,5.820817947387696,11.844239234924316,,31000.000
24.000000000000000,5.835026264190674,11.868784904479980,,31000.000
25.000000000000000,5.819388866424562,11.868784904479980,,31000.000
26.000000000000000,5.833567619323730,11.892738342285156,,31000.000
27.000000000000000,5.833567619323730,11.905797958374023,,31000.000
28.000000000000000,5.848029136657716,11.928875923156738,,31000.000
29.000000000000000,5.831453800201416,11.941446304321291,,31000.000
30.000000000000000,5.845727443695068,11.963647842407227,,31000.000
31.000000000000000,5.860237598419190,11.963647842407227,,31000.000
32.000000000000000,5.842581272125244,11.985244750976562,,31000.000
33.000000000000000,5.874960422515870,11.997038841247559,,31000.000
34.000000000000000,5.856798648834230,12.017751693725586,,31000.000
35.000000000000000,5.871168613433838,12.037857055664062,,31000.000
36.000000000000000,5.852322101593018,12.048867225646973,,31000.000
37.000000000000000,5.866256713867188,12.068081855773926,,31000.000
38.000000000000000,5.846703529357910,12.068081855773926,,31000.000
39.000000000000000,5.860129833221436,12.086686134338377,,41860.000
40.000000000000000,5.860129833221436,12.096905708312988,,41860.000
41.000000000000000,5.873551845550538,12.114612579345703,,41860.000
42.000000000000000,5.852702617645264,12.124323844909668,,41860.000
43.000000000000000,5.865499019622804,12.141127586364746,,41860.000
44.000000000000000,5.843896389007568,12.141127586364746,,41860.000
45.000000000000000,5.856008529663086,12.157320022583008,,41860.000
46.000000000000000,5.856008529663086,12.166228294372559,,41860.000
47.000000000000000,5.867987632751466,12.181515693664551,,41860.000
48.000000000000000,5.879799842834474,12.189906120300291,,41860.000
49.000000000000000,5.856223583221436,12.204286575317383,,41860.000
50.000000000000000,5.867222309112550,12.218045234680176,,41860.000
51.000000000000000,5.842866897583008,12.218045234680176,,41860.000
52.000000000000000,5.853013038635254,12.231188774108887,,41860.000
53.000000000000000,5.853013038635254,12.238478660583496,,41860.000
54.000000000000000,5.862893581390382,12.250709533691406,,41860.000
55.000000000000000,5.837140560150146,12.257476806640623,,41860.000
56.000000000000000,5.846106529235840,12.268793106079102,,41860.000
57.000000000000000,5.819586753845216,12.275041580200195,,41860.000
58.000000000000000,5.827614784240724,12.279490470886230,,41860.000
59.000000000000000,5.827614784240724,12.285444259643555,,41860.000
60.000000000000000,5.835304737091064,12.295226097106934,,41860.000
61.000000000000000,5.842637538909912,12.300653457641602,,41860.000
62.000000000000000,5.814125537872314,12.309518814086914,,41860.000
63.000000000000000,5.820469379425050,12.312928199768066,,41860.000
64.000000000000000,5.791232585906982,12.317766189575195,,41860.000
65.000000000000000,5.826423645019532,12.325389862060547,,41860.000
66.000000000000000,5.796579360961914,12.329701423645020,,41860.000
67.000000000000000,5.801529407501222,12.336410522460938,,41860.000
68.000000000000000,5.806069850921632,12.338783264160156,,41860.000
69.000000000000000,5.774944782257080,12.342502593994141,,41860.000
70.000000000000000,5.810190677642822,12.347970962524414,,41860.000
71.000000000000000,5.778481006622314,12.351161956787109,,41860.000
72.000000000000000,5.781596183776856,12.355719566345215,,41860.000
73.000000000000000,5.784285545349122,12.358385086059570,,41860.000
74.000000000000000,5.751384735107422,12.359658241271973,,41860.000
75.000000000000000,5.786545276641846,12.362978935241699,,41860.000
76.000000000000000,5.753089904785156,12.365051269531250,,41860.000
77.000000000000000,5.754371643066406,12.367462158203123,,41860.000
78.000000000000000,5.720368862152100,12.369009017944336,,41860.000
79.000000000000000,5.720703601837158,12.369257926940918,,47290.000
80.000000000000000,5.720626354217530,12.370438575744627,,47290.000
81.000000000000000,5.720626354217530,12.371395111083984,,47290.000
82.000000000000000,5.720142364501954,12.371667861938477,,47290.000
83.000000000000000,5.684654712677002,12.372101783752441,,47290.000
84.000000000000000,5.683295726776124,12.371468544006348,,47290.000
85.000000000000000,5.681555271148682,12.371468544006348,,47290.000
86.000000000000000,5.681555271148682,12.370227813720703,,47290.000
87.000000000000000,5.679441928863526,12.368377685546877,,47290.000
88.000000000000000,5.642686843872070,12.367700576782227,,47290.000
89.000000000000000,5.639800071716310,12.364953041076660,,47290.000
90.000000000000000,5.602775573730470,12.364953041076660,,47290.000
91.000000000000000,5.636581420898438,12.361600875854492,,47290.000
92.000000000000000,5.633043289184570,12.357644081115723,,47290.000
93.000000000000000,5.595280647277832,12.355865478515623,,47290.000
94.000000000000000,5.591101169586182,12.351019859313965,,47290.000
95.000000000000000,5.553207397460938,12.351019859313965,,47290.000
96.000000000000000,5.548461437225342,12.345575332641602,,47290.000
97.000000000000000,5.581967830657960,12.342993736267090,,47290.000
98.000000000000000,5.543492317199708,12.336663246154785,,47290.000
99.000000000000000,5.538322448730470,12.329742431640623,,47290.000
100.000000000000000,5.499876499176026,12.326357841491699,,47290.000
101.000000000000000,5.494313240051270,12.322227478027344,,47290.000
102.000000000000000,5.494313240051270,12.318560600280762,,47290.000
103.000000000000000,5.488624095916748,12.310173034667969,,47290.000
104.000000000000000,5.482817649841310,12.301200866699219,,47290.000
105.000000000000000,5.444188117980958,12.296741485595703,,47290.000
106.000000000000000,5.438147544860840,12.291643142700195,,47290.000
107.000000000000000,5.438147544860840,12.286905288696291,,47290.000
108.000000000000000,5.431998729705812,12.276486396789551,,47290.000
109.000000000000000,5.425771713256836,12.271245956420898,,47290.000
110.000000000000000,5.387428283691406,12.259973526000977,,47290.000
111.000000000000000,5.381177902221680,12.253924369812012,,47290.000
112.000000000000000,5.343360424041748,12.248126029968262,,47290.000
113.000000000000000,5.374940395355226,12.235709190368652,,47290.000
114.000000000000000,5.337201118469238,12.229417800903320,,47290.000
115.000000000000000,5.331119060516358,12.216159820556641,,47290.000
116.000000000000000,5.325151920318604,12.202339172363281,,47290.000
117.000000000000000,5.288262844085694,12.202339172363281,,47290.000
118.000000000000000,5.319337368011476,12.187957763671877,,47290.000
119.000000000000000,5.282645702362062,12.180632591247559,,47290.000
120.000000000000000,5.277254104614258,12.165425300598145,,47290.000
121.000000000000000,5.272129535675050,12.157529830932617,,47290.000
122.000000000000000,5.236647605895996,12.149666786193848,,47290.000
123.000000000000000,5.267314434051514,12.133360862731934,,47290.000
124.000000000000000,5.262855052947998,12.125021934509277,,47290.000
125.000000000000000,5.228060722351074,12.107907295227051,,47290.000
126.000000000000000,5.224075794219972,12.099115371704102,,47290.000
127.000000000000000,5.224075794219972,12.090250968933105,,47290.000
128.000000000000000,5.220054149627686,12.072059631347656,,47290.000
129.000000000000000,5.216032505035400,12.053335189819336,,47290.000
130.000000000000000,5.182325839996338,12.043749809265137,,47290.000
131.000000000000000,5.178555965423584,12.034081459045410,,47290.000
132.000000000000000,5.178555965423584,12.024241447448730,,47290.000
133.000000000000000,5.174710750579834,12.004209518432617,,47290.000
134.000000000000000,5.170594692230226,11.983657836914062,,47290.000
135.000000000000000,5.137671470642090,11.983657836914062,,47290.000
136.000000000000000,5.166020870208740,11.962593078613281,,47290.000
137.000000000000000,5.160987854003906,11.941015243530273,,47290.000
138.000000000000000,5.127791881561280,11.929976463317873,,47290.000
139.000000000000000,5.122143745422364,11.907649040222168,,47290.000
140.000000000000000,5.089054107666016,11.907649040222168,,47290.000
141.000000000000000,5.115740299224854,11.884821891784668,,47290.000
142.000000000000000,5.108577251434326,11.861498832702637,,47290.000
143.000000000000000,5.075028896331788,11.849534988403320,,47290.000
144.000000000000000,5.066932201385498,11.825485229492188,,47290.000
145.000000000000000,5.058145999908448,11.825485229492188,,47290.000
146.000000000000000,5.058145999908448,11.800951004028320,,47290.000
147.000000000000000,5.048693656921388,11.775935173034668,,44032.000
148.000000000000000,5.015027046203614,11.763080596923828,,44032.000
149.000000000000000,5.004831314086914,11.737363815307617,,44032.000
150.000000000000000,4.971502304077148,11.737363815307617,,44032.000
151.000000000000000,4.960663318634034,11.711178779602051,,44032.000
152.000000000000000,4.960663318634034,11.697684288024902,,44032.000
153.000000000000000,4.949257373809814,11.670814514160156,,44032.000
154.000000000000000,4.937016010284424,11.656915664672852,,44032.000
155.000000000000000,4.903780460357666,11.629372596740723,,44032.000
156.000000000000000,4.890494823455812,11.615716934204102,,44032.000
157.000000000000000,4.857565402984620,11.601383209228516,,44032.000
158.000000000000000,4.876378059387208,11.572951316833496,,44032.000
159.000000000000000,4.843327045440674,11.558228492736816,,44032.000
160.000000000000000,4.810731887817384,11.543331146240234,,44032.000
161.000000000000000,4.778541564941406,11.528256416320801,,44032.000
162.000000000000000,4.746777057647706,11.513009071350098,,44032.000
163.000000000000000,4.715460300445558,11.511667251586914,,44032.000
164.000000000000000,4.669025421142578,11.496104240417480,,44032.000
165.000000000000000,4.639207839965820,11.480374336242676,,44032.000
166.000000000000000,4.609938144683838,11.464474678039551,,44032.000
167.000000000000000,4.567487239837646,11.462409973144531,,44032.000
168.000000000000000,4.553696632385254,11.476222038269041,,44032.000
169.000000000000000,4.526989936828614,11.489838600158691,,44032.000
170.000000000000000,4.513838768005372,11.473690986633301,,44032.000
171.000000000000000,4.475947380065918,11.487140655517578,,44032.000
172.000000000000000,4.463704586029053,11.484141349792480,,44032.000
173.000000000000000,4.428851604461670,11.497229576110840,,44032.000
174.000000000000000,4.417597293853760,11.493756294250488,,44032.000
175.000000000000000,4.385895729064942,11.506474494934082,,44032.000
176.000000000000000,4.375808715820312,11.502528190612791,,44032.000
177.000000000000000,4.366002082824707,11.514871597290041,,44032.000
178.000000000000000,4.347849369049073,11.498276710510254,,44032.000
179.000000000000000,4.339273452758789,11.510450363159180,,47290.000
180.000000000000000,4.316008567810059,11.505721092224123,,47290.000
181.000000000000000,4.309415340423584,11.517518997192383,,47290.000
182.000000000000000,4.303268432617189,11.529109001159668,,47290.000
183.000000000000000,4.286314010620117,11.540493011474609,,47290.000
184.000000000000000,4.282073020935059,11.534934043884277,,47290.000
185.000000000000000,4.278436660766602,11.545930862426758,,47290.000
186.000000000000000,4.268171787261963,11.556718826293945,,47290.000
187.000000000000000,4.266842842102051,11.550501823425291,,47290.000
188.000000000000000,4.266136646270752,11.560900688171387,,47290.000
189.000000000000000,4.266051769256592,11.571084976196291,,47290.000
190.000000000000000,4.264476299285889,11.581054687500000,,47290.000
191.000000000000000,4.266706466674805,11.573993682861328,,47290.000
192.000000000000000,4.269647121429444,11.583568572998047,,47290.000
193.000000000000000,4.275074481964112,11.592925071716309,,47290.000
194.000000000000000,4.280464172363281,11.585198402404785,,47290.000
195.000000000000000,4.286559581756592,11.594157218933105,,47290.000
196.000000000000000,4.286559581756592,11.602894783020020,,47290.000
197.000000000000000,4.298625946044922,11.611412048339844,,47290.000
198.000000000000000,4.307237625122071,11.594498634338377,,47290.000
199.000000000000000,4.316747188568115,11.602834701538086,,47290.000
200.000000000000000,4.335576534271240,11.610945701599123,,47290.000
201.000000000000000,4.347662925720215,11.601879119873047,,47290.000
202.000000000000000,4.360533714294434,11.609589576721191,,47290.000
203.000000000000000,4.374203681945801,11.617074966430664,,47290.000
204.000000000000000,4.400942802429199,11.624332427978516,,47290.000
205.000000000000000,4.417288303375244,11.614409446716309,,47290.000
206.000000000000000,4.434830665588379,11.621262550354004,,47290.000
207.000000000000000,4.468451976776123,11.627884864807127,,47290.000
208.000000000000000,4.489112854003906,11.617292404174805,,47290.000
209.000000000000000,4.510911464691162,11.623503684997559,,47290.000
210.000000000000000,4.533864498138428,11.629489898681641,,47290.000
211.000000000000000,4.576793670654298,11.635244369506836,,47290.000
212.000000000000000,4.603448390960694,11.623797416687012,,47290.000
213.000000000000000,4.631633281707764,11.629139900207520,,47290.000
214.000000000000000,4.682911872863770,11.634254455566406,,47290.000
215.000000000000000,4.715066432952882,11.622141838073730,,47290.000
216.000000000000000,4.748760223388672,11.626836776733398,,47290.000
217.000000000000000,4.784020423889160,11.631299972534180,,47290.000
218.000000000000000,4.845976352691650,11.618527412414551,,47290.000
219.000000000000000,4.884965896606446,11.622575759887695,,47290.000
220.000000000000000,4.884965896606446,11.626391410827637,,47290.000
221.000000000000000,4.952518939971924,11.629974365234377,,47290.000
222.000000000000000,4.994974613189698,11.612959861755373,,47290.000
223.000000000000000,5.038706302642822,11.616358757019041,,47290.000
224.000000000000000,5.083731174468994,11.619526863098145,,47290.000
225.000000000000000,5.159862041473390,11.605439186096191,,47290.000
226.000000000000000,5.207929611206056,11.608190536499023,,47290.000
227.000000000000000,5.257107257843018,11.610705375671387,,47290.000
228.000000000000000,5.338883876800538,11.612990379333496,,47290.000
229.000000000000000,5.390674114227296,11.598073959350586,,47290.000
230.000000000000000,5.443544864654542,11.599941253662109,,47290.000
231.000000000000000,5.497462749481202,11.601572990417480,,47290.000
232.000000000000000,5.586303710937500,11.586016654968262,,47290.000
233.000000000000000,5.642715930938722,11.587235450744627,,47290.000
234.000000000000000,5.700061798095704,11.588214874267578,,47290.000
235.000000000000000,5.793923854827882,11.588963508605959,,47290.000
236.000000000000000,5.853524684906006,11.572595596313477,,47290.000
237.000000000000000,5.913962364196778,11.572928428649902,,47290.000
238.000000000000000,5.975237846374512,11.573028564453123,,47290.000
239.000000000000000,6.074848651885986,11.572891235351562,,47290.000
240.000000000000000,6.138083457946778,11.555727005004883,,47290.000
241.000000000000000,6.202052593231202,11.555180549621582,,47290.000
242.000000000000000,6.266722679138184,11.554395675659180,,47290.000
243.000000000000000,6.371325969696046,11.553380012512209,,47290.000
244.000000000000000,6.437659740447998,11.535432815551758,,47290.000
245.000000000000000,6.504593849182130,11.534006118774414,,47290.000
246.000000000000000,6.504593849182130,11.532344818115234,,47290.000
247.000000000000000,6.612624645233154,11.530451774597168,,47290.000
248.000000000000000,6.681007385253906,11.513800621032715,,47290.000
249.000000000000000,6.749890804290772,11.511734008789062,,47290.000
250.000000000000000,6.860953330993652,11.509434700012209,,47290.000
251.000000000000000,6.931087970733644,11.490303039550781,,47290.000
252.000000000000000,7.001684188842774,11.487601280212402,,47290.000
253.000000000000000,7.072715282440186,11.484666824340820,,47290.000
254.000000000000000,7.187015056610108,11.481499671936035,,47290.000
255.000000000000000,7.259048938751222,11.461629867553709,,47290.000
256.000000000000000,7.331427574157716,11.458065986633301,,47290.000
257.000000000000000,7.404108047485352,11.454270362854004,,47290.000
258.000000000000000,7.520749092102052,11.450242042541504,,47290.000
259.000000000000000,7.593957901000978,11.429654121398926,,47290.000
260.000000000000000,7.667324066162110,11.425233840942383,,47290.000
261.000000000000000,7.740815639495850,11.420584678649902,,47290.000
262.000000000000000,7.858609676361084,11.415705680847168,,47290.000
263.000000000000000,7.932367801666260,11.394419670104980,,47290.000
264.000000000000000,8.006164550781250,11.389154434204102,,47290.000
265.000000000000000,8.079972267150881,11.383655548095703,,47290.000
266.000000000000000,8.198328971862795,11.377921104431152,,47290.000
267.000000000000000,8.272159576416016,11.355860710144041,,47290.000
268.000000000000000,8.345917701721191,11.349714279174805,,47290.000
269.000000000000000,8.419574737548828,11.343333244323730,,47290.000
270.000000000000000,8.537940979003906,11.336718559265137,,47290.000
271.000000000000000,8.611394882202148,11.313843727111816,,47290.000
272.000000000000000,8.684669494628906,11.306821823120117,,47290.000
273.000000000000000,8.757741928100586,11.299566268920898,,47290.000
274.000000000000000,8.875597000122070,11.292080879211426,,47290.000
275.000000000000000,8.948248863220217,11.268410682678223,,47290.000
276.000000000000000,8.948248863220217,11.260521888732910,,47290.000
277.000000000000000,9.020626068115234,11.252404212951660,,47290.000
278.000000000000000,9.137757301330566,11.252404212951660,,47290.000
279.000000000000000,9.209561347961426,11.228125572204590,,47290.000
280.000000000000000,9.281019210815430,11.219614028930664,,47290.000
281.000000000000000,9.352109909057617,11.210872650146484,,47290.000
282.000000000000000,9.467889785766602,11.201902389526367,,47290.000
283.000000000000000,9.538217544555664,11.176870346069336,,47290.000
284.000000000000000,9.608115196228027,11.167514801025391,,47290.000
285.000000000000000,9.677557945251465,11.157931327819824,,47290.000
286.000000000000000,9.791563034057617,11.148122787475586,,47290.000
287.000000000000000,9.860070228576660,11.122363090515137,,47290.000
288.000000000000000,9.928067207336426,11.112175941467285,,47290.000
289.000000000000000,9.972949981689453,11.096350669860840,,47290.000
290.000000000000000,10.017629623413086,11.080338478088377,,47290.000
291.000000000000000,10.062100410461426,11.064114570617676,,47290.000
292.000000000000000,10.106366157531738,11.047680854797363,,47290.000
293.000000000000000,10.150463104248047,11.031037330627441,,47290.000
294.000000000000000,10.194530487060547,11.014185905456541,,47290.000
295.000000000000000,10.170470237731934,11.006857872009277,,47290.000
296.000000000000000,10.214321136474609,10.989530563354492,,47290.000
297.000000000000000,10.257947921752930,10.971971511840820,,47290.000
298.000000000000000,10.232260704040527,10.954171180725098,,47290.000
299.000000000000000,10.274753570556641,10.945426940917969,,47290.000
300.000000000000000,10.316650390625000,10.927095413208008,,47290.000
301.000000000000000,10.357946395874023,10.908524513244627,,47290.000
302.000000000000000,10.328647613525391,10.898644447326660,,47290.000
303.000000000000000,10.368595123291016,10.879549980163574,,47290.000
304.000000000000000,10.407917976379395,10.860219955444336,,47290.000
305.000000000000000,10.446614265441895,10.840654373168945,,47290.000
306.000000000000000,10.413704872131348,10.829370498657227,,47290.000
307.000000000000000,10.451025009155273,10.829370498657227,,47290.000
308.000000000000000,10.487708091735840,10.809291839599609,,47290.000
309.000000000000000,10.451956748962402,10.797178268432617,,47290.000
310.000000000000000,10.487254142761230,10.776591300964355,,47290.000
311.000000000000000,10.521806716918945,10.755778312683105,,47290.000
312.000000000000000,10.555530548095703,10.734734535217285,,47290.000
313.000000000000000,10.515582084655762,10.721249580383301,,47290.000
314.000000000000000,10.515582084655762,10.699710845947266,,47290.000
315.000000000000000,10.547497749328613,10.677948951721191,,47290.000
316.000000000000000,10.504932403564453,10.663385391235352,,47290.000
317.000000000000000,10.535035133361816,10.641135215759277,,47290.000
318.000000000000000,10.564290046691895,10.618663787841797,,47290.000
319.000000000000000,10.592690467834473,10.595976829528809,,47290.000
320.000000000000000,10.545611381530762,10.580086708068848,,47290.000
321.000000000000000,10.572192192077637,10.556923866271973,,47290.000
322.000000000000000,10.597912788391113,10.533547401428223,,47290.000
323.000000000000000,10.547351837158203,10.509958267211914,,47290.000
324.000000000000000,10.571257591247559,10.492768287658691,,47290.000
325.000000000000000,10.594299316406250,10.468715667724609,,47290.000
326.000000000000000,10.616477012634277,10.444456100463867,,47290.000
327.000000000000000,10.561570167541504,10.426241874694824,,47290.000
328.000000000000000,10.581946372985840,10.401530265808105,,47290.000
329.000000000000000,10.601455688476562,10.376613616943359,,47290.000
330.000000000000000,10.543250083923340,10.351500511169434,,47290.000
331.000000000000000,10.560982704162598,10.332035064697266,,47290.000
332.000000000000000,10.577854156494141,10.332035064697266,,47290.000
333.000000000000000,10.593859672546387,10.306480407714844,,47290.000
334.000000000000000,10.531577110290527,10.286269187927246,,47290.000
335.000000000000000,10.545845985412598,10.260279655456541,,47290.000
336.000000000000000,10.559259414672852,10.234098434448242,,47290.000
337.000000000000000,10.571818351745605,10.207728385925291,,47290.000
338.000000000000000,10.505647659301758,10.186313629150391,,47290.000
339.000000000000000,10.505647659301758,10.159524917602541,,47290.000
340.000000000000000,10.516519546508791,10.132552146911623,,47290.000
341.000000000000000,10.448290824890137,10.110192298889160,,47290.000
342.000000000000000,10.457509994506836,10.082810401916504,,47290.000
343.000000000000000,10.465901374816895,10.055249214172363,,47290.000
344.000000000000000,10.473469734191895,10.027513504028320,,47290.000
345.000000000000000,10.401719093322754,10.004008293151855,,47290.000
346.000000000000000,10.407703399658203,9.975879669189453,,47290.000
347.000000000000000,10.412881851196291,9.947577476501465,,47290.000
348.000000000000000,10.338597297668459,9.919107437133791,,47290.000
349.000000000000000,10.342258453369141,9.894492149353027,,47290.000
350.000000000000000,10.345136642456055,9.865646362304688,,47290.000
351.000000000000000,10.347237586975098,9.836636543273926,,47290.000
352.000000000000000,10.269933700561523,9.811151504516602,,47290.000
353.000000000000000,10.270611763000488,9.781778335571291,,47290.000
354.000000000000000,10.270537376403809,9.752248764038086,,47290.000
355.000000000000000,10.191137313842773,9.755643844604492,,47290.000
356.000000000000000,10.189721107482910,9.725914001464844,,47290.000
357.000000000000000,10.187585830688477,9.696033477783203,,47290.000
358.000000000000000,10.106307029724123,9.669066429138184,,47290.000
359.000000000000000,10.106307029724123,9.638842582702637,,47290.000
360.000000000000000,10.024397850036623,9.608471870422363,,47290.000
361.000000000000000,10.020494461059570,9.580698013305664,,47290.000
362.000000000000000,10.015923500061035,9.549999237060547,,47290.000
363.000000000000000,9.932490348815918,9.521619796752930,,47290.000
364.000000000000000,9.926809310913086,9.490601539611816,,47290.000
365.000000000000000,9.920494079589844,9.459446907043459,,47290.000
366.000000000000000,9.835796356201172,9.430301666259766,,47290.000
367.000000000000000,9.828479766845703,9.398842811584473,,47290.000
368.000000000000000,9.820576667785645,9.367256164550781,,47290.000
369.000000000000000,9.734877586364746,9.337367057800291,,47290.000
370.000000000000000,9.726085662841797,9.337367057800291,,47290.000
371.000000000000000,9.716748237609863,9.305490493774414,,47290.000
372.000000000000000,9.630279541015623,9.275044441223145,,47290.000
373.000000000000000,9.619937896728516,9.242887496948242,,47290.000
374.000000000000000,9.608797073364258,9.210612297058105,,47290.000
375.000000000000000,9.596797943115234,9.178222656250000,,47290.000
376.000000000000000,9.508039474487305,9.145722389221191,,47290.000
377.000000000000000,9.583950996398926,9.113110542297363,,47290.000
378.000000000000000,9.645867347717285,9.079070091247559,,47290.000
379.000000000000000,9.631144523620605,9.079070091247559,,47290.000
380.000000000000000,9.706410408020020,9.044816970825195,,47290.000
381.000000000000000,9.765562057495117,9.010355949401855,,47290.000
382.000000000000000,9.840305328369141,9.008557319641113,,47290.000
383.000000000000000,9.897640228271484,8.973749160766602,,47290.000
384.000000000000000,9.971776962280273,8.971624374389648,,47290.000
385.000000000000000,9.971776962280273,8.969314575195312,,47290.000
386.000000000000000,10.027215003967285,8.966821670532228,,47290.000
387.000000000000000,10.100670814514160,8.934032440185549,,47290.000
388.000000000000000,10.173862457275391,8.931399345397949,,47290.000
389.000000000000000,10.226838111877441,8.928583145141602,,47290.000
390.000000000000000,10.299239158630373,8.892841339111328,,47290.000
391.000000000000000,10.371321678161623,8.889709472656250,,47290.000
392.000000000000000,10.421679496765137,8.886397361755373,,47290.000
393.000000000000000,10.492871284484863,8.850213050842285,,47290.000
394.000000000000000,10.563690185546877,8.846589088439941,,47290.000
395.000000000000000,10.611288070678709,8.842783927917480,,47290.000
396.000000000000000,10.681123733520508,8.806178092956545,,47290.000
397.000000000000000,10.750534057617188,8.802066802978516,,47290.000
398.000000000000000,10.795246124267578,8.797780990600586,,47290.000
399.000000000000000,10.863584518432617,8.760768890380859,,47290.000
400.000000000000000,10.931456565856934,8.756183624267578,,47290.000
401.000000000000000,10.973223686218262,8.751419067382812,,47290.000
402.000000000000000,11.040164947509766,8.714023590087892,,47290.000
403.000000000000000,11.106760025024414,8.708969116210938,,47290.000
404.000000000000000,11.080071449279785,8.703739166259766,,47290.000
405.000000000000000,11.146203041076660,8.671322822570803,,47290.000
406.000000000000000,11.211952209472656,8.665980339050295,,47290.000
407.000000000000000,11.249207496643066,8.660464286804199,,47290.000
408.000000000000000,11.313730239868164,8.622470855712892,,47290.000
409.000000000000000,11.377697944641113,8.616676330566406,,47290.000
410.000000000000000,11.411585807800291,8.610711097717285,,47290.000
411.000000000000000,11.474199295043945,8.572388648986816,,47290.000
412.000000000000000,11.536209106445312,8.566153526306152,,47290.000
413.000000000000000,11.566643714904785,8.559750556945803,,47290.000
414.000000000000000,11.627427101135254,8.521119117736816,,47290.000
415.000000000000000,11.687719345092773,8.514450073242188,,47290.000
416.000000000000000,11.715297698974609,8.507613182067873,,47290.000
417.000000000000000,11.774443626403809,8.468630790710449,,47290.000
418.000000000000000,11.833049774169922,8.461524009704590,,47290.000
419.000000000000000,11.857643127441406,8.454253196716310,,47290.000
420.000000000000000,11.915002822875977,8.414915084838867,,47290.000
421.000000000000000,11.971770286560059,8.407380104064941,,47290.000
422.000000000000000,11.937188148498535,8.399683952331545,,47290.000
423.000000000000000,11.993243217468262,8.367801666259766,,47290.000
424.000000000000000,12.048675537109377,8.360011100769045,,47290.000
425.000000000000000,12.067653656005859,8.352059364318848,,47290.000
426.000000000000000,12.121692657470703,8.312161445617676,,47290.000
427.000000000000000,12.175065994262695,8.303961753845217,,47290.000
428.000000000000000,12.227758407592773,8.295605659484863,,47290.000
429.000000000000000,12.242624282836914,8.287092208862306,,47290.000
430.000000000000000,12.293817520141602,8.246813774108888,,47290.000
431.000000000000000,12.344289779663086,8.238063812255859,,47290.000
432.000000000000000,12.394023895263672,8.229160308837892,,47290.000
433.000000000000000,12.404603004455566,8.220103263854980,,47290.000
434.000000000000000,12.452750205993652,8.179479598999023,,47290.000
435.000000000000000,12.500123023986816,8.170195579528810,,47290.000
436.000000000000000,12.546710968017578,8.160764694213867,,47290.000
437.000000000000000,12.552860260009766,8.151185035705566,,47290.000
438.000000000000000,12.597776412963867,8.110251426696777,,47290.000
439.000000000000000,12.641879081726074,8.100457191467285,,47290.000
440.000000000000000,12.685153007507324,8.090517044067385,,47290.000
441.000000000000000,12.686750411987305,8.080432891845703,,47290.000
442.000000000000000,12.728285789489746,8.039230346679688,,47290.000
443.000000000000000,12.768967628479004,8.028946876525881,,47290.000
444.000000000000000,12.766842842102051,8.018519401550295,,47290.000
445.000000000000000,12.805741310119627,7.977139472961426,,47290.000
446.000000000000000,12.843764305114746,7.966520786285400,,47290.000
447.000000000000000,12.880897521972656,7.955766201019288,,47290.000
448.000000000000000,12.837886810302734,7.944876670837402,,47290.000
449.000000000000000,12.874093055725098,7.903300762176514,,47290.000
450.000000000000000,12.909399986267090,7.903300762176514,,47290.000
451.000000000000000,12.943799018859863,7.892231941223146,,47290.000
452.000000000000000,12.933216094970703,7.881031990051270,,47290.000
453.000000000000000,12.965762138366699,7.839337825775146,,47290.000
454.000000000000000,12.997384071350098,7.827969551086426,,47290.000
455.000000000000000,13.028078079223633,7.816474437713624,,47290.000
456.000000000000000,13.012775421142578,7.804852962493896,,47290.000
457.000000000000000,13.041590690612791,7.763038635253906,,47290.000
458.000000000000000,13.069461822509766,7.751263618469238,,47290.000
459.000000000000000,13.096385002136230,7.739367008209230,,47290.000
460.000000000000000,13.076382637023926,7.727350711822510,,47290.000
461.000000000000000,13.101413726806641,7.685459613800050,,47290.000
462.000000000000000,13.125492095947266,7.673303604125978,,47290.000
463.000000000000000,13.101762771606445,7.661032199859620,,47290.000
464.000000000000000,13.123950958251953,7.619124412536622,,47290.000
465.000000000000000,13.145174980163574,7.606726169586182,,47290.000
466.000000000000000,13.165439605712891,7.594217777252198,,47290.000
467.000000000000000,13.137113571166992,7.581597805023194,,47290.000
468.000000000000000,13.155492782592773,7.539696693420410,,47290.000
469.000000000000000,13.172908782958984,7.526968002319336,,47290.000
470.000000000000000,13.189363479614258,7.514133453369142,,47290.000
471.000000000000000,13.156540870666504,7.501194000244142,,47290.000
472.000000000000000,13.171129226684570,7.459348678588868,,47290.000
473.000000000000000,13.184758186340332,7.446317195892334,,47290.000
474.000000000000000,13.197428703308105,7.433186531066896,,47290.000
475.000000000000000,13.160231590270996,7.419958591461182,,47290.000
476.000000000000000,13.160231590270996,7.378218650817872,,47290.000
477.000000000000000,13.171051979064941,7.364914417266846,,47290.000
478.000000000000000,13.180792808532715,7.364914417266846,,47290.000
479.000000000000000,13.139674186706541,7.351517200469972,,47290.000
480.000000000000000,13.147225379943848,7.309907436370850,,47290.000
481.000000000000000,13.153684616088867,7.296448230743408,,47290.000
482.000000000000000,13.159044265747070,7.282901287078858,,47290.000
483.000000000000000,13.112711906433105,7.269269943237306,,47290.000
484.000000000000000,13.115918159484863,7.227859020233154,,47290.000
485.000000000000000,13.118033409118652,7.214183330535890,,47290.000
486.000000000000000,13.067670822143555,7.200428009033204,,47290.000
487.000000000000000,13.067614555358887,7.159220218658448,,47290.000
488.000000000000000,13.066324234008791,7.145434856414796,,47290.000
489.000000000000000,13.063804626464844,7.131575584411622,,47290.000
490.000000000000000,13.007637023925781,7.117640018463136,,47290.000
491.000000000000000,13.002633094787598,7.076664924621582,,47290.000
492.000000000000000,12.996400833129883,7.062699317932130,,47290.000
493.000000000000000,12.988946914672852,7.048664093017578,,47290.000
494.000000000000000,12.926875114440918,7.034560203552246,,47290.000
495.000000000000000,12.916970252990723,6.993807792663574,,47290.000
496.000000000000000,12.905851364135742,6.979691982269288,,47290.000
497.000000000000000,12.839230537414551,6.965513229370118,,47290.000
498.000000000000000,12.825696945190430,6.924973011016846,,47290.000
499.000000000000000,12.810962677001953,6.910793304443360,,47290.000
500.000000000000000,12.795028686523438,6.896553993225098,,47290.000
501.000000000000000,12.722801208496094,6.882257461547852,,47290.000
502.000000000000000,12.704508781433105,6.841925621032716,,47290.000
503.000000000000000,12.704508781433105,6.827583789825440,,47290.000
504.000000000000000,12.685038566589355,6.813164234161378,,47290.000
505.000000000000000,12.608536720275877,6.787224769592286,,47290.000
506.000000000000000,12.586758613586426,6.772820949554444,,47290.000
507.000000000000000,12.563817024230959,6.758343696594238,,47290.000
508.000000000000000,12.483182907104492,6.743793964385986,,47290.000
509.000000000000000,12.457998275756836,6.703462123870850,,47290.000
510.000000000000000,12.431667327880859,6.688866138458252,,47290.000
511.000000000000000,12.404203414916992,6.674203395843506,,47290.000
512.000000000000000,12.318527221679688,6.659474849700928,,47290.000
513.000000000000000,12.288738250732422,6.619213581085206,,47290.000
514.000000000000000,12.257676124572754,6.604454994201660,,47290.000
515.000000000000000,12.167461395263672,6.589635372161866,,47290.000
516.000000000000000,12.134013175964355,6.549448490142822,,47290.000
517.000000000000000,12.099501609802246,6.534611701965332,,47290.000
518.000000000000000,12.063934326171877,6.519719123840332,,47290.000
519.000000000000000,12.005452156066895,6.494479656219482,,47290.000
520.000000000000000,11.946350097656250,6.469111442565918,,47290.000
521.000000000000000,11.921999931335449,6.458208084106446,,47290.000
522.000000000000000,11.861644744873047,6.432487964630128,,47290.000
523.000000000000000,11.800714492797852,6.406644344329834,,47290.000
524.000000000000000,11.739226341247559,6.380680084228516,,47290.000
525.000000000000000,11.711197853088377,6.368724346160890,,47290.000
526.000000000000000,11.648551940917969,6.342419147491456,,47290.000
527.000000000000000,11.585388183593750,6.315997600555420,,47290.000
528.000000000000000,11.521715164184570,6.289462089538574,,47290.000
529.000000000000000,11.490234375000000,6.262813091278076,,47290.000
530.000000000000000,11.425517082214355,6.249611854553224,,47290.000
531.000000000000000,11.360336303710938,6.222637653350830,,47290.000
532.000000000000000,11.294709205627441,6.195557117462158,,47290.000
533.000000000000000,11.260028839111328,6.168370246887208,,47290.000
534.000000000000000,11.193477630615234,6.154164314270020,,47290.000
535.000000000000000,11.126523971557617,6.126667499542236,,47290.000
536.000000000000000,11.059185028076172,6.126667499542236,,47290.000
537.000000000000000,11.021594047546387,6.099068164825440,,47290.000
538.000000000000000,10.953466415405273,6.084085941314698,,47290.000
539.000000000000000,10.885003089904785,6.056186199188232,,47290.000
540.000000000000000,10.816226005554199,6.028190612792970,,47290.000
541.000000000000000,10.776006698608398,6.000102996826172,,47290.000
542.000000000000000,10.706589698791504,5.984158039093018,,47290.000
543.000000000000000,10.636912345886230,5.955782413482666,,47290.000
544.000000000000000,10.566990852355959,5.927319049835206,,47290.000
545.000000000000000,10.594556808471680,5.898771286010742,,47290.000
546.000000000000000,10.524357795715332,5.881889820098878,,47290.000
547.000000000000000,10.453957557678223,5.853066921234132,,47290.000
548.000000000000000,10.383372306823730,5.824165821075440,,47290.000
549.000000000000000,10.312623023986816,5.795187473297120,,47290.000
550.000000000000000,10.267903327941895,5.777393817901612,,47290.000
551.000000000000000,10.196835517883301,5.748156070709230,,47290.000
552.000000000000000,10.125665664672852,5.718848228454590,,47290.000
553.000000000000000,10.054419517517090,5.689469337463380,,47290.000
554.000000000000000,10.007982254028320,5.670793056488038,,47290.000
555.000000000000000,9.936590194702148,5.641171455383302,,47290.000
556.000000000000000,9.865183830261230,5.611486911773682,,47290.000
557.000000000000000,9.817438125610352,5.581741333007812,,47290.000
558.000000000000000,9.746029853820801,5.562209129333496,,47290.000
559.000000000000000,9.674675941467285,5.532235145568848,,47290.000
560.000000000000000,9.603404045104980,5.502206325531006,,47290.000
561.000000000000000,9.554656028747559,5.482013225555420,,47290.000
562.000000000000000,9.483573913574219,5.451768398284912,,47290.000
563.000000000000000,9.412638664245605,5.421475410461426,,47290.000
564.000000000000000,9.362998008728027,5.431090831756592,,47290.000
565.000000000000000,9.292017936706541,5.400637626647950,,47290.000
566.000000000000000,9.220834732055664,5.370140552520752,,47290.000
567.000000000000000,9.169329643249512,5.339602470397950,,47290.000
568.000000000000000,9.097373008728027,5.318137645721436,,47290.000
569.000000000000000,9.025094985961914,5.287406921386720,,47290.000
570.000000000000000,9.025094985961914,5.256642341613770,,47290.000
571.000000000000000,8.971274375915527,5.234570026397706,,47290.000
572.000000000000000,8.898323059082031,5.203625202178956,,47290.000
573.000000000000000,8.825104713439941,5.172653198242188,,47290.000
574.000000000000000,8.769158363342285,5.149990558624268,,47290.000
575.000000000000000,8.695378303527832,5.118853092193604,,47290.000
576.000000000000000,8.621389389038086,5.087692737579346,,47290.000
577.000000000000000,8.547209739685060,5.056515693664552,,47290.000
578.000000000000000,8.489087104797363,5.033148765563966,,47290.000
579.000000000000000,8.414506912231445,5.001822948455812,,47290.000
580.000000000000000,8.339793205261230,4.970485210418702,,47290.000
581.000000000000000,8.280023574829102,4.946574687957764,,47290.000
582.000000000000000,8.205037117004396,4.915102481842042,,47290.000
583.000000000000000,8.129981040954590,4.883625507354736,,47290.000
584.000000000000000,8.068789482116699,4.859191894531250,,47290.000
585.000000000000000,7.979753971099854,4.820670127868652,,47290.000
586.000000000000000,7.904627799987794,4.789196014404298,,47290.000
587.000000000000000,7.829519271850586,4.757728099822998,,47290.000
588.000000000000000,7.754455089569092,4.726268768310548,,47290.000
589.000000000000000,7.679455280303956,4.694820404052734,,47290.000
590.000000000000000,7.604544639587402,4.663386821746826,,47290.000
591.000000000000000,7.590217590332032,4.657040119171144,,47290.000
592.000000000000000,7.575031280517578,4.650666713714600,,47290.000
593.000000000000000,7.558989524841310,4.644269466400146,,47290.000
594.000000000000000,7.542092323303224,4.637848377227784,,47290.000
595.000000000000000,7.524345397949220,4.631405830383302,,47290.000
596.000000000000000,7.505751132965088,4.624942302703858,,47290.000
597.000000000000000,7.486310958862306,4.649015426635742,,47290.000
598.000000000000000,7.466031074523926,4.642386913299562,,47290.000
599.000000000000000,7.444912910461426,4.635741233825684,,47290.000
600.000000000000000,7.496691703796388,4.629080772399902,,47290.000
601.000000000000000,7.473752021789552,4.622406005859376,,47290.000
602.000000000000000,7.449981212615968,4.615718364715576,,47290.000
603.000000000000000,7.425384998321534,4.609021186828614,,47290.000
604.000000000000000,7.399967670440674,4.602314472198486,,47290.000
605.000000000000000,7.373739719390870,4.595599174499512,,47290.000
606.000000000000000,7.346840381622314,4.588878631591798,,47290.000
607.000000000000000,7.319327354431152,4.611400604248048,,47290.000
608.000000000000000,7.291203975677490,4.604534149169922,,47290.000
609.000000000000000,7.262472152709962,4.597666740417480,,47290.000
610.000000000000000,7.233138561248780,4.590798854827882,,47290.000
611.000000000000000,7.203206062316896,4.583931922912598,,47290.000
612.000000000000000,7.244340419769288,4.577067375183106,,47290.000
613.000000000000000,7.213007450103760,4.570207595825196,,47290.000
614.000000000000000,7.181082248687744,4.563353538513184,,47290.000
615.000000000000000,7.148571968078614,4.556508064270020,,47290.000
616.000000000000000,7.115480422973634,4.549671649932862,,47290.000
617.000000000000000,7.081814289093018,4.542846679687500,,47290.000
618.000000000000000,7.047579765319824,4.536035060882568,,47290.000
619.000000000000000,7.012784004211426,4.529237747192384,,47290.000
620.000000000000000,6.977433681488038,4.522457599639894,,47290.000
621.000000000000000,6.941534042358398,4.515695095062256,,47290.000
622.000000000000000,6.905096530914308,4.508953094482422,,47290.000
623.000000000000000,6.868124485015870,4.502233028411865,,47290.000
624.000000000000000,6.830629348754884,4.495544910430908,,47290.000
625.000000000000000,6.792617321014404,4.515582561492920,,47290.000
626.000000000000000,6.754097461700440,4.508880138397218,,47290.000
627.000000000000000,6.715078830718994,4.502253055572510,,47290.000
628.000000000000000,6.675571441650392,4.495704650878906,,47290.000
629.000000000000000,6.702604293823242,4.489234924316406,,47290.000
630.000000000000000,6.661795139312744,4.482846736907959,,47290.000
631.000000000000000,6.620519161224366,4.476540565490723,,47290.000
632.000000000000000,6.578783512115480,4.470318317413330,,47290.000
633.000000000000000,6.536602020263672,4.464181423187256,,47290.000
634.000000000000000,6.493983745574952,4.458132266998291,,47290.000
635.000000000000000,6.450941562652588,4.452163219451905,,47290.000
636.000000000000000,6.407482147216798,4.446265697479248,,47290.000
637.000000000000000,6.363622188568116,4.440440177917480,,47290.000
638.000000000000000,6.319372653961182,4.434679031372071,,47290.000
639.000000000000000,6.274798870086670,4.428959846496582,,47290.000
640.000000000000000,6.230041503906250,4.423282623291016,,47290.000
641.000000000000000,6.185112476348878,4.417646884918213,,47290.000
642.000000000000000,6.140021800994874,4.436188697814942,,47290.000
643.000000000000000,6.094782352447510,4.430507659912110,,47290.000
644.000000000000000,6.049428462982178,4.424847126007080,,47290.000
645.000000000000000,6.004109859466554,4.419207096099855,,47290.000
646.000000000000000,5.958857059478760,4.413589000701905,,47290.000
647.000000000000000,5.913677692413330,4.407994270324707,,47290.000
648.000000000000000,5.868581771850586,4.402421951293946,,47290.000
649.000000000000000,5.823610782623292,4.396875381469727,,47290.000
650.000000000000000,5.778911113739014,4.368034839630127,,47290.000
651.000000000000000,5.734503746032716,4.362645626068115,,47290.000
652.000000000000000,5.690397262573242,4.357267379760742,,47290.000
653.000000000000000,5.646598815917970,4.351887702941896,,47290.000
654.000000000000000,5.603117465972900,4.346507549285889,,47290.000
655.000000000000000,5.559961795806886,4.341126441955567,,47290.000
656.000000000000000,5.517139911651612,4.335746288299562,,47290.000
657.000000000000000,5.474662780761720,4.330367565155030,,47290.000
658.000000000000000,5.432537555694580,4.324991226196289,,47290.000
659.000000000000000,5.390775203704834,4.319617271423340,,47290.000
660.000000000000000,5.349387168884278,4.314241409301758,,47290.000
661.000000000000000,5.308382987976074,4.308836460113526,,47290.000
662.000000000000000,5.267773628234864,4.303399562835694,,47290.000
663.000000000000000,5.227570056915284,4.297931671142578,,47290.000
664.000000000000000,5.187785148620606,4.292432785034180,,47290.000
665.000000000000000,5.148429393768312,4.286903858184814,,47290.000
666.000000000000000,5.109516143798828,4.281344890594483,,47290.000
667.000000000000000,5.071056365966798,4.275756835937500,,47290.000
668.000000000000000,5.033064842224122,4.270140171051026,,47290.000
669.000000000000000,4.995553970336914,4.264494895935059,,47290.000
670.000000000000000,4.916008949279786,4.258821964263916,,47290.000
671.000000000000000,4.916008949279786,4.231336116790771,,47290.000
672.000000000000000,4.880300521850586,4.231336116790771,,47290.000
673.000000000000000,4.804536342620850,4.203903198242189,,47290.000
674.000000000000000,4.770720481872560,4.198291301727295,,47290.000
675.000000000000000,4.698897838592530,4.192655086517334,,47290.000
676.000000000000000,4.667067527770996,4.165372848510742,,47290.000
677.000000000000000,4.635841846466064,4.159761428833008,,47290.000
678.000000000000000,4.569604396820068,4.154127597808838,,47290.000
679.000000000000000,4.540500164031982,4.127012252807617,,47290.000
680.000000000000000,4.512055397033692,4.121409893035889,,47290.000
681.000000000000000,4.451719760894776,4.115787506103516,,47290.000
682.000000000000000,4.425540447235108,4.088854312896730,,47290.000
683.000000000000000,4.400079250335694,4.083270072937012,,47290.000
684.000000000000000,4.345975399017334,4.056475639343262,,47290.000
685.000000000000000,4.322927951812744,4.050932884216309,,47290.000
686.000000000000000,4.294982910156250,4.045375347137451,,47290.000
687.000000000000000,4.273652553558350,4.024286746978760,,47290.000
688.000000000000000,4.253131389617920,4.018791675567627,,47290.000
689.000000000000000,4.208876609802246,4.013283729553223,,47290.000
690.000000000000000,4.190994739532471,3.986859798431396,,47290.000
691.000000000000000,4.173984050750733,3.981405973434448,,47290.000
692.000000000000000,4.136612415313721,3.975941419601440,,47290.000
693.000000000000000,4.122251987457276,3.949757575988770,,47290.000
694.000000000000000,4.089636802673340,3.923683404922485,,47290.000
695.000000000000000,4.070829868316651,3.923683404922485,,47290.000
696.000000000000000,4.059953212738037,3.897722482681274,,47290.000
697.000000000000000,4.032756805419922,3.871879577636719,,47290.000
698.000000000000000,4.007248401641846,3.866702556610107,,47290.000
699.000000000000000,4.007248401641846,3.846159219741821,,47290.000
700.000000000000000,3.983143568038940,3.820566177368164,,47290.000
701.000000000000000,3.960388422012329,3.815550804138184,,47290.000
702.000000000000000,3.960388422012329,3.790171861648560,,47290.000
703.000000000000000,3.939022541046143,3.769764184951782,,47290.000
704.000000000000000,3.919085741043091,3.744477272033691,,47290.000
705.000000000000000,3.915750265121460,3.739609956741333,,47290.000
706.000000000000000,3.900619268417358,3.719239234924316,,47290.000
707.000000000000000,3.883665084838867,3.694053411483765,,47290.000
708.000000000000000,3.882483243942261,3.689249515533447,,47290.000
709.000000000000000,3.867978334426880,3.668923854827881,,47290.000
710.000000000000000,3.853147506713867,3.643854379653931,,47290.000
711.000000000000000,3.838622093200684,3.623516082763672,,47290.000
712.000000000000000,3.824670076370239,3.598539829254150,,47290.000
713.000000000000000,3.809954166412354,3.578196287155151,,47290.000
714.000000000000000,3.794992208480835,3.557818412780762,,47290.000
715.000000000000000,3.781654119491577,3.532980442047119,,47290.000
716.000000000000000,3.766510725021362,3.532980442047119,,47290.000
717.000000000000000,3.753810405731201,3.508221149444580,,47290.000
718.000000000000000,3.738520860671997,3.487885713577271,,47290.000
719.000000000000000,3.723022222518921,3.467522621154785,,47290.000
720.000000000000000,3.707320690155029,3.447132587432861,,47290.000
721.000000000000000,3.711115360260010,3.422583818435669,,47290.000
722.000000000000000,3.695523738861084,3.402215003967285,,47290.000
723.000000000000000,3.679746627807617,3.381823778152466,,47290.000
724.000000000000000,3.663790941238403,3.361412048339844,,47290.000
725.000000000000000,3.647665500640869,3.340980529785156,,47290.000
726.000000000000000,3.631377696990967,3.320531845092773,,47290.000
727.000000000000000,3.614936351776123,3.300066709518433,,47290.000
728.000000000000000,3.598349809646606,3.279586791992188,,47290.000
729.000000000000000,3.581626415252686,3.259093999862671,,47290.000
730.000000000000000,3.564775228500366,3.238589286804199,,47290.000
731.000000000000000,3.540886640548706,3.218074321746826,,47290.000
732.000000000000000,3.523485183715820,3.200904369354248,,47290.000
733.000000000000000,3.505981445312500,3.180301904678345,,47290.000
734.000000000000000,3.488385677337646,3.159693002700806,,47290.000
735.000000000000000,3.470707178115845,3.139080286026001,,47290.000
736.000000000000000,3.452955484390259,3.118465185165405,,47290.000
737.000000000000000,3.426544904708862,3.100824832916260,,47290.000
738.000000000000000,3.408349752426147,3.080136060714722,,47290.000
739.000000000000000,3.381136178970337,3.059449434280396,,47290.000
740.000000000000000,3.362536430358887,3.041509866714478,,47290.000
741.000000000000000,3.343912839889526,3.020759105682373,,47290.000
742.000000000000000,3.315598964691162,3.002599239349365,,47290.000
743.000000000000000,3.296591758728027,2.981781721115112,,47290.000
744.000000000000000,3.277486801147461,2.960950136184692,,47290.000
745.000000000000000,3.248156785964966,2.963409185409546,,47290.000
746.000000000000000,3.228700637817383,2.942517042160034,,47290.000
747.000000000000000,3.209351062774658,2.921612977981567,,47290.000
748.000000000000000,3.199044704437256,2.902977466583252,,47290.000
749.000000000000000,3.169359445571899,2.884200572967529,,47290.000
750.000000000000000,3.149900197982788,2.863175392150879,,47290.000
751.000000000000000,3.120151758193970,2.865284681320190,,47290.000
752.000000000000000,3.109938144683838,2.846231698989868,,47290.000
753.000000000000000,3.090401172637939,2.825103044509888,,47290.000
754.000000000000000,3.060659170150757,2.805866479873657,,47290.000
755.000000000000000,3.030936956405640,2.807724952697754,,47290.000
756.000000000000000,3.030936956405640,2.786499738693237,,47290.000
757.000000000000000,3.001246690750122,2.767004966735840,,47290.000
758.000000000000000,2.971601486206055,2.747384786605835,,47290.000
759.000000000000000,2.952194213867188,2.747384786605835,,47290.000
760.000000000000000,2.942014217376709,2.727641344070435,,47290.000
761.000000000000000,2.912500143051147,2.707777500152588,,47290.000
762.000000000000000,2.893144845962524,2.686384439468384,,47290.000
763.000000000000000,2.863759994506836,2.687795639038086,,47290.000
764.000000000000000,2.853749513626099,2.667698383331299,,47290.000
765.000000000000000,2.834490776062012,2.646233558654785,,47290.000
766.000000000000000,2.805352449417114,2.647488117218018,,47290.000
767.000000000000000,2.795478820800781,2.627167701721191,,47290.000
768.000000000000000,2.766566991806030,2.606739997863770,,47290.000
769.000000000000000,2.747539758682251,2.585180759429932,,47290.000
770.000000000000000,2.737828493118286,2.586207151412964,,47290.000
771.000000000000000,2.709282398223877,2.565572023391724,,47290.000
772.000000000000000,2.690433025360107,2.543959617614746,,47290.000
773.000000000000000,2.662186145782471,2.544837474822998,,47290.000
774.000000000000000,2.652834892272949,2.524006366729736,,47290.000
775.000000000000000,2.624959468841553,2.503081083297729,,47290.000
776.000000000000000,2.606403350830078,2.503081083297729,,47290.000
777.000000000000000,2.597342967987061,2.482064962387085,,47290.000
778.000000000000000,2.570006370544434,2.460960388183594,,47290.000
779.000000000000000,2.551705360412598,2.439249515533447,,47290.000
780.000000000000000,2.542971134185791,2.439770698547363,,47290.000
781.000000000000000,2.516259908676147,2.418498754501343,,47290.000
782.000000000000000,2.489895582199097,2.397147178649902,,47290.000
783.000000000000000,2.472076892852783,2.397147178649902,,47290.000
784.000000000000000,2.463902473449707,2.375719308853149,,47290.000
785.000000000000000,2.438304424285889,2.354218006134033,,47290.000
786.000000000000000,2.420876979827881,2.354218006134033,,47290.000
787.000000000000000,2.413127183914185,2.332646131515503,,47290.000
788.000000000000000,2.388395786285400,2.311007022857666,,47290.000
789.000000000000000,2.364136934280396,2.289303779602051,,47290.000
790.000000000000000,2.364136934280396,2.289303779602051,,47290.000
791.000000000000000,2.340377807617188,2.267539262771606,,47290.000
792.000000000000000,2.317145586013794,2.245716810226440,,47290.000
793.000000000000000,2.300960063934326,2.245716810226440,,47290.000
794.000000000000000,2.294469594955444,2.223839282989502,,47290.000
795.000000000000000,2.272378206253052,2.201910734176636,,47290.000
796.000000000000000,2.250901222229004,2.201703548431396,,47290.000
797.000000000000000,2.250901222229004,2.179933786392212,,47290.000
798.000000000000000,2.230068922042847,2.157912015914917,,47290.000
799.000000000000000,2.209912776947021,2.135848045349121,,47290.000
800.000000000000000,2.209912776947021,2.135848045349121,,47290.000
801.000000000000000,2.190464258193970,2.113745927810669,,47290.000
802.000000000000000,2.171739816665649,2.091609001159668,,47290.000
803.000000000000000,2.153734207153320,2.091126680374146,,47290.000
804.000000000000000,2.153734207153320,2.069440126419067,,47290.000
805.000000000000000,2.136476039886475,2.047243595123291,,47290.000
806.000000000000000,2.119996547698975,2.046659469604492,,47290.000
807.000000000000000,2.119996547698975,2.025021791458130,,47290.000
808.000000000000000,2.104327201843262,2.002779245376587,,47290.000
809.000000000000000,2.089500665664673,1.980518817901611,,47290.000
810.000000000000000,2.077360391616821,1.980518817901611,,47290.000
811.000000000000000,2.075549125671387,1.958244204521179,,47290.000
812.000000000000000,2.062493801116943,1.935959100723267,,47290.000
813.000000000000000,2.051080942153931,1.914509654045105,,47290.000
814.000000000000000,2.038916349411011,1.913667082786560,,47290.000
815.000000000000000,2.038250923156738,1.891371846199036,,47290.000
816.000000000000000,2.027007102966309,1.870003104209900,,47290.000
817.000000000000000,2.016357660293579,1.869076728820801,,47290.000
818.000000000000000,2.016384840011597,1.846785902976990,,47290.000
819.000000000000000,2.006406784057617,1.824502587318420,,47290.000
820.000000000000000,1.996205687522888,1.803273439407349,,47290.000
821.000000000000000,1.987013816833496,1.802231073379517,,47290.000
822.000000000000000,1.988274097442627,1.779974699020386,,47290.000
823.000000000000000,1.978443503379822,1.758850574493408,,47290.000
824.000000000000000,1.970395207405090,1.736669778823853,,47290.000
825.000000000000000,1.962706804275513,1.735523462295532,,47290.000
826.000000000000000,1.962706804275513,1.714514493942261,,47290.000
827.000000000000000,1.955395340919495,1.692388653755188,,47290.000
828.000000000000000,1.948342800140381,1.691179871559143,,47290.000
829.000000000000000,1.948342800140381,1.670296072959900,,47290.000
830.000000000000000,1.941383600234985,1.648240804672241,,47290.000
831.000000000000000,1.934529542922974,1.626226782798767,,47290.000
832.000000000000000,1.927752614021301,1.626226782798767,,47290.000
833.000000000000000,1.927752614021301,1.604258179664612,,47290.000
834.000000000000000,1.920819282531738,1.582338690757751,,47290.000
835.000000000000000,1.913695096969604,1.561827063560486,,47290.000
836.000000000000000,1.904775381088257,1.560472726821899,,47290.000
837.000000000000000,1.906386256217957,1.538664102554321,,47290.000
838.000000000000000,1.898899316787720,1.516917347908020,,47290.000
839.000000000000000,1.890064001083374,1.496649503707886,,47290.000
840.000000000000000,1.891240954399109,1.495236277580261,,47290.000
841.000000000000000,1.883418560028076,1.473625183105469,,47290.000
842.000000000000000,1.874687194824219,1.453533291816711,,47290.000
843.000000000000000,1.866767764091492,1.452088356018066,,47290.000
844.000000000000000,1.867311000823975,1.430630087852478,,47290.000
845.000000000000000,1.858704447746277,1.410724759101868,,47290.000
846.000000000000000,1.850505709648132,1.389446616172791,,47290.000
847.000000000000000,1.842180013656616,1.387966036796570,,47290.000
848.000000000000000,1.842180013656616,1.368258237838745,,47290.000
849.000000000000000,1.833735704421997,1.347164034843445,,47290.000
850.000000000000000,1.825182318687439,1.326168417930603,,47290.000
851.000000000000000,1.816529035568237,1.326168417930603,,47290.000
852.000000000000000,1.816529035568237,1.305275917053223,,47290.000
853.000000000000000,1.807785630226135,1.284490704536438,,47290.000
854.000000000000000,1.798961758613586,1.284490704536438,,47290.000
855.000000000000000,1.798961758613586,1.263817310333252,,47290.000
856.000000000000000,1.790068030357361,1.243260502815247,,47290.000
857.000000000000000,1.781114697456360,1.222814321517944,,47290.000
858.000000000000000,1.773474335670471,1.222814321517944,,47290.000
859.000000000000000,1.772112965583801,1.202431678771973,,47290.000
860.000000000000000,1.763073682785034,1.182109832763672,,47290.000
861.000000000000000,1.755704760551453,1.163528442382812,,47290.000
862.000000000000000,1.746786236763000,1.161852478981018,,47290.000
863.000000000000000,1.744929432868958,1.141663432121277,,47290.000
864.000000000000000,1.737860918045044,1.123321771621704,,47290.000
865.000000000000000,1.728940844535828,1.121546149253845,,47290.000
866.000000000000000,1.726776838302612,1.101505041122437,,47290.000
867.000000000000000,1.720039129257202,1.083413362503052,,47290.000
868.000000000000000,1.711168050765991,1.063580751419067,,47290.000
869.000000000000000,1.702340722084045,1.061665534973145,,47290.000
870.000000000000000,1.699752926826477,1.043834209442139,,47290.000
871.000000000000000,1.693570733070374,1.024177908897400,0.000,47290.000
872.000000000000000,1.684871912002563,1.004615664482117,0.000,47290.000
873.000000000000000,1.676257848739624,1.002572417259216,0.000,47290.000
874.000000000000000,1.676257848739624,0.985151529312134,0.000,47290.000
875.000000000000000,1.667743444442749,0.965789377689362,0.000,47290.000
876.000000000000000,1.659342885017395,0.963667333126068,0.000,47290.000
877.000000000000000,1.659342885017395,0.946533203125000,0.000,47290.000
878.000000000000000,1.651071190834045,0.927387237548828,0.000,47290.000
879.000000000000000,1.642943620681763,0.908355474472046,0.000,47290.000
880.000000000000000,1.638307929039001,0.908355474472046,0.000,47290.000
881.000000000000000,1.634975552558899,0.889441907405853,0.000,47290.000
882.000000000000000,1.627183079719543,0.870650827884674,0.000,47290.000
883.000000000000000,1.623079657554626,0.854282259941101,0.000,47290.000
884.000000000000000,1.615759134292603,0.851986229419708,0.000,47290.000
885.000000000000000,1.612188935279846,0.833452403545380,0.000,47290.000
886.000000000000000,1.608656048774719,0.817407548427582,0.000,47290.000
887.000000000000000,1.601787924766541,0.815053522586823,0.000,47290.000
888.000000000000000,1.598093867301941,0.796793878078461,0.000,47290.000
889.000000000000000,1.591426014900208,0.781083941459656,0.000,47290.000
890.000000000000000,1.588823914527893,0.763139367103577,0.000,47290.000
891.000000000000000,1.582763552665710,0.760709166526794,0.000,47290.000
892.000000000000000,1.578938245773315,0.742892742156982,0.000,47290.000
893.000000000000000,1.577008247375488,0.727703094482422,0.000,47290.000
894.000000000000000,1.571576356887817,0.710204482078552,0.000,47290.000
895.000000000000000,1.566486358642578,0.707724869251251,0.000,47290.000
896.000000000000000,1.566486358642578,0.692852079868317,0.000,47290.000
897.000000000000000,1.561535239219666,0.675649702548981,0.000,47290.000
898.000000000000000,1.556264996528625,0.658601284027100,0.000,47290.000
899.000000000000000,1.556264996528625,0.658601284027100,0.000,47290.000
900.000000000000000,1.550660848617554,0.641710937023163,0.000,47290.000
901.000000000000000,1.544726371765137,0.624982774257660,0.000,47290.000
902.000000000000000,1.543332338333130,0.624982774257660,0.000,47290.000
903.000000000000000,1.538465499877930,0.608420789241791,0.000,47290.000
904.000000000000000,1.531882166862488,0.592028856277466,0.000,47290.000
905.000000000000000,1.530298471450806,0.578287303447723,0.000,47290.000
906.000000000000000,1.523306012153625,0.575811386108398,0.000,47290.000
907.000000000000000,1.517765283584595,0.559772253036499,0.000,47290.000
908.000000000000000,1.516002535820007,0.546382904052734,0.000,47290.000
909.000000000000000,1.508392572402954,0.530706405639648,0.000,47290.000
910.000000000000000,1.500481009483337,0.528245925903320,0.000,47290.000
911.000000000000000,1.500481009483337,0.515219092369080,0.000,47290.000
912.000000000000000,1.492272734642029,0.499925494194031,0.000,47290.000
913.000000000000000,1.483773112297058,0.484829574823380,0.000,47290.000
914.000000000000000,1.481678009033203,0.484829574823380,0.000,47290.000
915.000000000000000,1.474987387657166,0.469935655593872,0.000,47290.000
916.000000000000000,1.465921163558960,0.455247968435287,0.000,47290.000
917.000000000000000,1.463688135147095,0.443141818046570,0.000,47290.000
918.000000000000000,1.454283237457275,0.440770834684372,0.000,47290.000
919.000000000000000,1.446970343589783,0.426508575677872,0.000,47290.000
920.000000000000000,1.444612979888916,0.414800554513931,0.000,47290.000
921.000000000000000,1.434683680534363,0.400960624217987,0.000,47290.000
922.000000000000000,1.424501419067383,0.398645907640457,0.000,47290.000
923.000000000000000,1.424501419067383,0.387346863746643,0.000,47290.000
924.000000000000000,1.414073109626770,0.373963713645935,0.000,47290.000
925.000000000000000,1.403404951095581,0.360815644264221,0.000,47290.000
926.000000000000000,1.400857210159302,0.360815644264221,0.000,47290.000
927.000000000000000,1.392504215240479,0.347907006740570,0.000,47290.000
928.000000000000000,1.381378054618835,0.335242360830307,0.000,47290.000
929.000000000000000,1.378757476806641,0.324975311756134,0.000,47290.000
930.000000000000000,1.367382884025574,0.322826057672501,0.000,47290.000
931.000000000000000,1.358477950096130,0.310662686824799,0.000,47290.000
932.000000000000000,1.355801582336426,0.300841391086578,0.000,47290.000
933.000000000000000,1.344021558761597,0.289162486791611,0.000,47290.000
934.000000000000000,1.332050442695618,0.287112802267075,0.000,47290.000
935.000000000000000,1.332050442695618,0.277748346328735,0.000,47290.000
936.000000000000000,1.319896459579468,0.266603589057922,0.000,47290.000
937.000000000000000,1.307567834854126,0.264629095792770,0.000,47290.000
938.000000000000000,1.307567834854126,0.255732774734497,0.000,47290.000
939.000000000000000,1.295072793960571,0.245140507817268,0.000,47290.000
940.000000000000000,1.282420396804810,0.234831467270851,0.000,47290.000
941.000000000000000,1.279733061790466,0.234831467270851,0.000,47290.000
942.000000000000000,1.269618988037109,0.224810361862183,0.000,47290.000
943.000000000000000,1.256677746772766,0.215081810951233,0.000,47290.000
944.000000000000000,1.254016399383545,0.207359850406647,0.000,47290.000
945.000000000000000,1.240965247154236,0.205650597810745,0.000,47290.000
946.000000000000000,1.230412483215332,0.196521386504173,0.000,47290.000
947.000000000000000,1.217107295989990,0.187659978866577,0.000,47290.000
948.000000000000000,1.214524030685425,0.187659978866577,0.000,47290.000
949.000000000000000,1.203699827194214,0.179018929600716,0.000,47290.000
950.000000000000000,1.190200209617615,0.177407696843147,0.000,47290.000
951.000000000000000,1.179152488708496,0.169015511870384,0.000,47290.000
952.000000000000000,1.165448665618896,0.160835102200508,0.000,47290.000
953.000000000000000,1.154189467430115,0.159281328320503,0.000,47290.000
954.000000000000000,1.151641368865967,0.152858063578606,0.000,47290.000
955.000000000000000,1.140281796455383,0.151341080665588,0.000,47290.000
956.000000000000000,1.126185417175293,0.143608838319778,0.000,47290.000
957.000000000000000,1.111890554428101,0.142127603292465,0.000,47290.000
958.000000000000000,1.100274085998535,0.134646892547607,0.000,47290.000
959.000000000000000,1.085707545280457,0.133204683661461,0.000,47290.000
960.000000000000000,1.085707545280457,0.127382174134254,0.000,47290.000
961.000000000000000,1.070957422256470,0.125982373952866,0.000,47290.000
962.000000000000000,1.059110522270203,0.118980735540390,0.000,47290.000
963.000000000000000,1.044113755226135,0.112203136086464,0.000,47290.000
964.000000000000000,1.032126784324646,0.110893875360489,0.000,47290.000
965.000000000000000,1.016899585723877,0.109586596488953,0.000,47290.000
966.000000000000000,1.004784226417542,0.103131949901581,0.000,47290.000
967.000000000000000,0.989343225955963,0.103131949901581,,47290.000
968.000000000000000,0.989343225955963,0.096910908818245,,47290.000
969.000000000000000,0.973754823207855,0.095705434679985,,47290.000
970.000000000000000,0.961473703384399,0.089773230254650,,47290.000
971.000000000000000,0.945699274539948,0.088624887168407,,47290.000
972.000000000000000,0.933320999145508,0.082988664507866,,47290.000
973.000000000000000,0.917378306388855,0.081900954246521,,47290.000
974.000000000000000,0.904915630817413,0.076567888259888,,47290.000
975.000000000000000,0.888822972774506,0.076567888259888,,47290.000
976.000000000000000,0.888822972774506,0.071486517786980,,47290.000
977.000000000000000,0.872622847557068,0.070521719753742,,47290.000
978.000000000000000,0.860065162181854,0.065755702555180,,47290.000
979.000000000000000,0.847473204135895,0.064861066639423,,47290.000
980.000000000000000,0.831137299537659,0.060417328029871,,47290.000
981.000000000000000,0.818501114845276,0.059590041637421,,47290.000
982.000000000000000,0.802072823047638,0.055398643016815,,47290.000
983.000000000000000,0.789406299591064,0.055398643016815,,47290.000
984.000000000000000,0.785572707653046,0.051389634609222,,47290.000
985.000000000000000,0.772905647754669,0.050645336508751,,47290.000
986.000000000000000,0.756345748901367,0.046862520277500,,47290.000
987.000000000000000,0.743670761585236,0.046165399253368,,47290.000
988.000000000000000,0.727071762084961,0.042614173144102,,47290.000
989.000000000000000,0.714403510093689,0.041966896504164,,47290.000
990.000000000000000,0.697786808013916,0.041326835751534,,47290.000
991.000000000000000,0.685140371322632,0.038652695715427,,47290.000
992.000000000000000,0.681145012378693,0.038057956844568,,47290.000
993.000000000000000,0.668527662754059,0.034986261278391,,47290.000
994.000000000000000,0.651903271675110,0.034446787089109,,47290.000
995.000000000000000,0.639331758022308,0.031623121351004,,47290.000
996.000000000000000,0.622747302055359,0.031141664832830,,47290.000
997.000000000000000,0.610237360000610,0.028571587055922,,47290.000
998.000000000000000,0.593715667724609,0.028150929138064,,47290.000
999.000000000000000,0.581283509731293,0.025840047746897,,47290.000
1000.000000000000000,0.577219247817993,0.025840047746897,,47290.000
1001.000000000000000,0.564848005771637,0.023740440607071,,47290.000
1002.000000000000000,0.548452198505402,0.023436959832907,,47290.000
1003.000000000000000,0.536184370517731,0.021569060161710,,47290.000
1004.000000000000000,0.523957133293152,0.021308045834303,,47290.000
1005.000000000000000,0.507765829563141,0.019605476409197,,47290.000
1006.000000000000000,0.495666414499283,0.019383963197470,,47290.000
1007.000000000000000,0.479633957147598,0.017850242555141,,47290.000
1008.000000000000000,0.479633957147598,0.017850242555141,,47290.000
1009.000000000000000,0.463686436414719,0.016452938318253,,47290.000
1010.000000000000000,0.451831340789795,0.016295902431011,,47290.000
1011.000000000000000,0.436083495616913,0.014980390667915,,47290.000
1012.000000000000000,0.424401104450226,0.014824476093054,,47290.000
1013.000000000000000,0.408878833055496,0.013562303967774,,47290.000
1014.000000000000000,0.397387236356735,0.013408182188869,,47290.000
1015.000000000000000,0.382116854190826,0.012200905010104,,47290.000
