1.1_avg_frame,1.1_frame_diff,1.1_avg_length,1.1_avg_turning_smoothed,1.2_avg_frame,1.2_frame_diff,1.2_avg_length,1.2_avg_turning_smoothed,1.3_avg_frame,1.3_frame_diff,1.3_avg_length,1.3_avg_turning_smoothed,1.4_avg_frame,1.4_frame_diff,1.4_avg_length,1.4_avg_turning_smoothed,1.5_avg_frame,1.5_frame_diff,1.5_avg_length,1.5_avg_turning_smoothed,1.6_avg_frame,1.6_frame_diff,1.6_avg_length,1.6_avg_turning_smoothed,1.7_avg_frame,1.7_frame_diff,1.7_avg_length,1.7_avg_turning_smoothed,2.1_avg_frame,2.1_frame_diff,2.1_avg_length,2.1_avg_turning_smoothed,2.2_avg_frame,2.2_frame_diff,2.2_avg_length,2.2_avg_turning_smoothed,2.3_avg_frame,2.3_frame_diff,2.3_avg_length,2.3_avg_turning_smoothed,2.4_avg_frame,2.4_frame_diff,2.4_avg_length,2.4_avg_turning_smoothed,2.5_avg_frame,2.5_frame_diff,2.5_avg_length,2.5_avg_turning_smoothed,2.6_avg_frame,2.6_frame_diff,2.6_avg_length,2.6_avg_turning_smoothed,2.7_avg_frame,2.7_frame_diff,2.7_avg_length,2.7_avg_turning_smoothed,3.1_avg_frame,3.1_frame_diff,3.1_avg_length,3.1_avg_turning_smoothed,3.2_avg_frame,3.2_frame_diff,3.2_avg_length,3.2_avg_turning_smoothed,3.3_avg_frame,3.3_frame_diff,3.3_avg_length,3.3_avg_turning_smoothed,3.4_avg_frame,3.4_frame_diff,3.4_avg_length,3.4_avg_turning_smoothed,3.5_avg_frame,3.5_frame_diff,3.5_avg_length,3.5_avg_turning_smoothed,3.6_avg_frame,3.6_frame_diff,3.6_avg_length,3.6_avg_turning_smoothed,3.7_avg_frame,3.7_frame_diff,3.7_avg_length,3.7_avg_turning_smoothed
81.0,66.0,1219.5113599625215,0.7381958435299861,99.5,69.0,1044.5603205956354,0.4881876110102263,80.5,75.0,956.88563475,0.6481832641937336,90.5,79.0,964.77483095,0.8330060834880331,118.0,84.0,1016.6484885,0.6849417267255566,49.0,86.0,569.42832605,0.2688748869591414,45.5,89.0,996.3182224500001,0.43179477601243943,748.0,76.0,893.9252687000001,1.4698135587805887,104.5,77.0,1148.6878878037546,1.1994998055480564,86.5,79.0,1155.8770299834491,1.0595776995775608,77.5,91.0,1041.0111883867617,1.468919007175395,465.5,93.0,899.67844765,1.510921639561539,83.0,88.0,1341.5500370017326,0.660310109911702,118.5,95.0,1323.7860070000002,0.8924351006877281,2672.0,104.0,1081.8392760000002,1.4860319064840792,87.0,88.0,869.0051791999999,0.5671101881659439,335.0,94.0,825.5946372999999,1.530870671222374,113.5,85.0,1169.8750628512348,1.0804010258941663,120.0,82.0,1033.69301565,1.3908429117790504,68.5,71.0,1112.8980323428582,0.7412579600286641,435.5,73.0,1028.56813505,1.5069066841813457
147.0,66.0,1215.397595985739,0.7313574316942892,168.5,69.0,1058.6488190184546,0.48649729834254607,155.0,74.0,1200.7028705,0.6451265939798626,170.0,80.0,1263.7749655,0.8200284621850826,201.5,83.0,1019.9118834999999,0.6770989020763664,134.5,85.0,581.3099474,0.27157638971147924,135.0,90.0,970.1160776500001,0.42395265093133927,821.5,71.0,916.5649942499999,1.4470752695897036,180.5,75.0,1159.0778980520824,1.1886408614553103,165.0,78.0,1207.7800561136287,1.045674851147563,168.0,90.0,862.188255955071,1.4461048956008697,558.5,93.0,895.89654615,1.4907352511792955,171.0,88.0,1356.5341983149992,0.6499893242454566,212.5,93.0,1262.4476475000001,0.882215165851733,2775.5,103.0,990.9654796500001,1.4438596957449752,174.5,87.0,863.2498877,0.5614944475069288,428.5,93.0,928.8188692499999,1.4957523973890237,198.5,85.0,1119.126703068646,1.0629670257277886,204.0,86.0,983.5377748000001,1.3797601926938818,139.0,70.0,1125.8305971678576,0.7331612439875334,509.0,74.0,1031.25606855,1.4736784525488906
213.0,66.0,1291.1612727642514,0.7206647421766197,237.5,69.0,747.2028855634483,0.4754701086234473,229.0,74.0,1136.50177655,0.6374610880479716,250.0,80.0,1211.756297,0.8077690621474838,285.0,84.0,1327.6083254999999,0.6640036771038338,220.0,86.0,1036.75825505,0.24713876079109012,225.0,90.0,1054.69119415,0.4187786795431301,894.0,74.0,994.0113107,1.4184755021135758,256.0,76.0,1161.9349061774594,1.1678901566496276,243.5,79.0,1226.300672855092,1.0260651571181827,258.0,90.0,874.3261951666354,1.4125332943477893,651.5,93.0,1074.5636450000002,1.455953358377091,260.0,90.0,1298.902842268546,0.644191026221474,306.0,94.0,1131.7885405000002,0.8703220543667576,2878.5,103.0,955.0871206500001,1.413093451116701,262.0,88.0,988.07705725,0.5540171704728573,521.0,92.0,1066.1770769999998,1.4688665301658466,282.5,83.0,1124.4897168112661,1.043418557210158,287.0,80.0,1038.59185415,1.3666484598297535,209.5,71.0,1125.5542624247032,0.7235564704732357,582.5,73.0,1063.8325995,1.4513017576226253
279.0,66.0,1251.8976366397408,0.7025950940248509,306.5,69.0,974.2845034810834,0.47327932708583803,302.5,73.0,1148.97968255,0.6293034103454708,330.0,80.0,1114.576181,0.7987463261579505,368.0,82.0,987.429807,0.6539687527067357,305.5,85.0,1244.035649,0.26079377967860273,314.5,89.0,1042.40520105,0.4116529154989395,967.0,72.0,962.97558025,1.3924063767005843,332.0,76.0,1155.036953242263,1.1460561791622603,322.0,78.0,1252.9060636532517,1.008518957074632,347.0,88.0,1067.499672570969,1.3759424697167608,744.0,92.0,1034.3245709500002,1.424700778778143,349.0,88.0,1013.1413579264577,0.632284821747839,400.5,95.0,1208.2369845,0.8579484517811524,2980.5,101.0,1055.2361855,1.3865128822549353,349.5,87.0,988.3248162499999,0.545718845880475,613.5,93.0,957.5365194,1.4484803042794068,366.0,84.0,1188.3984741092386,1.025666652143732,368.5,83.0,1064.938334,1.3265975670594776,280.5,71.0,1116.028795590533,0.7205983439294035,654.5,71.0,921.21954385,1.427127659245326
344.5,65.0,1212.7083465400592,0.6992239088021087,375.5,69.0,1286.2239307367904,0.46994318456413214,376.0,74.0,1321.54834,0.6240385379115742,409.5,79.0,1267.9315215000001,0.7846788175403943,450.5,83.0,1032.8041045,0.6519002642588068,390.5,85.0,840.01274965,0.2556597684264802,404.0,90.0,697.13342655,0.4051885330373155,1039.5,73.0,1023.18077355,1.3792099698048226,407.5,75.0,1079.6491019135922,1.1234231797678425,400.0,78.0,1251.9979242723466,0.9967298848023837,435.5,89.0,1085.3470179549342,1.3518039603753325,836.0,92.0,1039.18609495,1.4034510447319295,437.0,88.0,1077.126431518411,0.6293124223794732,494.5,93.0,1358.4747705,0.8437524520133455,3082.0,102.0,1103.2065830000001,1.3466552249802872,437.0,88.0,1100.5065854999998,0.5396234575804376,706.0,92.0,810.8922183,1.4170485755325164,450.0,84.0,1192.6972268731238,1.0102241586536378,451.0,82.0,1072.686106,1.3094341904444893,351.5,71.0,1144.6226489328458,0.7074956223983041,726.0,72.0,929.38604085,1.4042708428848512
410.0,66.0,1185.9988836543143,0.6894684500455345,444.5,69.0,1045.3910973153556,0.4612883184184444,449.5,73.0,1150.547452,0.6150040379655787,489.0,80.0,1082.63597755,0.7758584157879153,534.0,84.0,1356.0034375,0.6461358291200756,475.5,85.0,716.3024027,0.25411431632835024,494.0,90.0,1137.448868,0.40093854006512414,1112.0,72.0,1038.77414425,1.3590491675626926,482.5,75.0,980.4942522817357,1.1033524334305185,478.5,79.0,1192.661633140778,0.9780830995341553,523.5,87.0,1064.8218710744254,1.3229472505132003,927.5,91.0,1064.4625664999999,1.3796065492539236,525.5,89.0,991.6229680542453,0.6154660612973449,588.5,95.0,1289.0578995,0.8349298724352341,3183.0,100.0,1099.990554,1.3213398765460667,524.5,87.0,827.86486895,0.529721002371965,797.5,91.0,927.4988054,1.3959988501774752,533.5,83.0,1196.2421387285235,0.9930210119188252,532.5,81.0,1053.0891799,1.2843527194490596,422.0,70.0,1154.5147327658983,0.7014129514341265,798.0,72.0,1083.201779,1.3858599379288306
476.0,66.0,1217.2395586768848,0.6814324631156434,513.5,69.0,816.194884244454,0.45807992646392515,523.0,74.0,1105.3896445,0.6082087529784852,569.0,80.0,1082.7488270499998,0.765169025460282,617.0,82.0,1356.3784615,0.629055761912837,560.5,85.0,708.7418619,0.24845721896841025,583.5,89.0,1048.7519141,0.3909651189786644,1184.0,72.0,1029.63632075,1.3361460461503576,557.0,74.0,976.293534826716,1.0959337727603586,556.5,77.0,1122.7241691623599,0.9686198153248283,611.0,88.0,1051.8133557330011,1.295301018743169,1018.5,91.0,1020.897826,1.3538885778986807,614.0,88.0,993.3189538634667,0.6108480625440156,682.5,93.0,1272.2567735,0.8232471770433695,3283.0,100.0,1090.3969665,1.290107098860254,611.0,86.0,896.71877095,0.5270542105399957,888.0,90.0,911.31107245,1.3672373390831276,617.0,84.0,1194.323228415024,0.9769629362047791,614.0,82.0,1002.2639558999999,1.2642294911323133,492.0,70.0,1363.915315390138,0.6870440192964742,869.5,71.0,1077.7063885,1.3678140192249726
541.5,65.0,1287.1595895606974,0.6655999557296616,582.5,69.0,1054.1348554176675,0.45500081658257346,596.5,73.0,853.8392185499999,0.6007380715364896,648.5,79.0,1353.5519989999998,0.7540144657013593,700.0,84.0,994.53280425,0.6207395046790695,645.5,85.0,873.49217585,0.24564472229197465,673.0,90.0,1025.6651411,0.3859546725889385,1255.5,71.0,1033.750864,1.3161742145606101,631.5,75.0,1009.0882154856322,1.078512654301815,634.0,78.0,1150.6112561569867,0.9525825736458304,699.0,88.0,1054.951229807626,1.2698341952559147,1109.0,90.0,1050.634061,1.3244833648857366,702.0,88.0,1054.4745300795794,0.6036847650590024,775.5,93.0,1336.9298165,0.8103123792763058,3383.0,100.0,1088.6476805,1.2674567896194808,698.0,88.0,1103.6704275000002,0.5188768216557972,979.0,92.0,922.69859045,1.3479398407199972,700.5,83.0,1194.1615920602349,0.9577702540917977,695.5,81.0,999.3087646500001,1.2431593050555705,562.5,71.0,1364.0462790152887,0.6836850031925552,940.5,71.0,1084.096603,1.3364000173533113
606.5,65.0,1198.1262800779273,0.65506949505322,651.5,69.0,1282.6741599140325,0.44637610467587424,670.0,74.0,918.7374515500001,0.5959207319689686,728.0,80.0,1185.4793475000001,0.7461525218314089,783.0,82.0,995.8175652499999,0.612146456124913,730.5,85.0,1069.8247780000002,0.24389601116601742,762.5,89.0,1354.4685924999999,0.3797445436848024,1326.5,71.0,1026.915327,1.2900409960853971,706.0,74.0,1098.3676524134526,1.0622805863515556,712.0,78.0,1269.2966539460926,0.9414819554564506,786.0,86.0,1030.6097312908917,1.250163505560241,1199.0,90.0,1016.28835665,1.3003514848639948,790.0,88.0,1054.2974524402748,0.5947806912665804,869.0,94.0,1343.7055115,0.8018883442876535,3482.5,99.0,1115.225201,1.2456191573424051,785.5,87.0,844.6460973000001,0.5093794425584022,1070.0,90.0,1097.9251785000001,1.3257753269054553,783.5,83.0,1194.0811104682175,0.9413405763067924,776.0,80.0,1045.0420041500001,1.2252229976254014,633.0,70.0,1205.0011969454674,0.6717544112475548,1012.5,73.0,1109.3115575,1.3223889357536074
672.0,66.0,1200.3035050791746,0.6496285184496952,720.5,69.0,1218.9084373893756,0.44034179268593165,744.0,74.0,1153.653875,0.5894527618089953,807.5,79.0,1268.4447525,0.7337316547043665,865.5,83.0,1375.0398915,0.6124436919169203,816.0,86.0,947.7080386,0.24325880321455182,852.0,90.0,932.75186715,0.37271444526453745,1397.5,71.0,1032.6272035,1.2660004774058842,780.0,74.0,1088.8367552841628,1.0359548919372314,789.5,77.0,1325.2793738543214,0.9251016923710452,872.0,86.0,1051.0363571804082,1.2254025561718913,1289.0,90.0,994.92090565,1.2813822684675948,878.0,88.0,1265.9835627548437,0.589657270093704,962.5,93.0,1284.5606215,0.7918858784318537,3581.0,98.0,1108.609318,1.2118805185394927,873.0,88.0,911.3578003,0.5074544707658666,1160.0,90.0,952.9074426499999,1.2964841346265592,866.5,83.0,1169.7706881494908,0.9220172695952396,856.5,81.0,1072.2550999999999,1.2032555985331606,703.5,71.0,1202.5375645559518,0.6666621346183729,1083.5,69.0,1108.7847915,1.3080108215173505
737.5,65.0,1215.702855007652,0.6369746127365139,789.5,69.0,1219.5717600560952,0.4380786785141982,817.0,72.0,818.62352005,0.5816583844704735,886.5,79.0,1111.33636755,0.7266314846675174,948.5,83.0,1040.103338,0.5992440796496059,901.5,85.0,766.7765333499999,0.23971817424434635,941.5,89.0,1120.84748815,0.36788347830589657,1468.5,71.0,936.2034532,1.2543803821100823,854.0,74.0,1065.4144928388368,1.0251844625371496,866.5,77.0,1258.6154603644436,0.9113804303453997,958.5,87.0,1129.553418073615,1.1966224094699547,1379.0,90.0,1087.5282605,1.2571705271982048,966.0,88.0,913.2115316363586,0.5804802484438258,1056.0,94.0,1132.0779565,0.7814899182823537,3679.5,99.0,1110.6340685,1.192049748019218,960.5,87.0,1097.116376,0.5028185248399367,1249.5,89.0,966.00798665,1.2790139762162043,949.5,83.0,1161.5137023976358,0.9057733349240358,937.0,80.0,1038.0921779999999,1.1848525567239785,774.0,70.0,1223.6413303323332,0.6546426286015486,1153.5,71.0,1118.6978235000001,1.2874256414089056
803.0,66.0,1215.2764790913625,0.6296982702839313,858.5,69.0,1286.9011456169887,0.43250851911359056,890.0,74.0,890.21781255,0.5783328802953095,966.0,80.0,1112.11236005,0.7165718446000099,1031.5,83.0,956.8747675000001,0.5897846197389106,986.5,85.0,610.0219674499999,0.23081176732364048,1030.5,89.0,1375.6804185,0.3630482645001528,1539.5,71.0,942.0976536999999,1.2325127665047118,928.0,74.0,1170.0602410202637,1.0078083468344015,944.0,78.0,1033.0014907008263,0.8998001458276306,1044.5,85.0,1102.2546261718608,1.1754427474986044,1468.5,89.0,1126.2873734999998,1.2375078955594137,1054.5,89.0,1080.0833342125416,0.5762793683526705,1149.5,93.0,1128.634915,0.7712359125657724,3778.0,98.0,1132.1225015,1.164679658238249,1047.5,87.0,834.6244922999999,0.4942656167036969,1339.0,90.0,1127.0796854999999,1.2523453204828645,1032.0,82.0,1115.3130726791003,0.8935862034250313,1017.0,80.0,1103.623138,1.1756916056776636,844.0,70.0,1229.2039111010909,0.6492894897405427,1224.0,70.0,1122.0035505,1.2666905548913598
868.5,65.0,1010.9203959245174,0.6215880550541241,927.5,69.0,1283.7595235468648,0.43104596538016055,964.0,74.0,938.7636817,0.5714398510457267,1045.5,79.0,1070.098737,0.7046921290775197,1114.0,82.0,1216.2326545,0.5787686283958963,1071.5,85.0,755.2656870000001,0.2302765218103188,1120.0,90.0,878.83162515,0.35377841620821227,1610.0,70.0,1050.127883,1.2081715328874683,1001.5,73.0,1245.7529136825929,0.993477164732885,1021.5,77.0,1108.9501166917328,0.8869990471806055,1130.0,86.0,1092.9588646461084,1.1529233018754905,1557.5,89.0,1063.37429935,1.218467117671862,1142.5,87.0,956.5929433394631,0.5680421558133626,1243.0,94.0,1010.6102136000001,0.7611185430287135,3875.5,97.0,1113.2939475,1.1434423529806899,1134.0,86.0,912.6179128,0.48977603561333993,1428.5,89.0,941.6031048,1.2426898147253562,1114.5,83.0,1059.0582196702644,0.8822795135650787,1097.5,81.0,1162.2489955,1.1564747160822542,914.0,70.0,1193.9030950334272,0.6435200878624792,1294.0,70.0,1126.7655915,1.2453471174192294
933.5,65.0,1009.5922463005705,0.6139128985689336,996.0,68.0,1283.0463492699023,0.4252826799205416,1037.0,72.0,688.4144782999999,0.561728242530901,1124.0,78.0,1069.3069169999999,0.6976960404585635,1196.5,83.0,1297.9527309999999,0.5788555749859781,1157.0,86.0,1097.5393233,0.2294073425955868,1209.5,89.0,1045.0503646500001,0.3518348482464365,1679.5,69.0,1063.4446505,1.188902233048188,1075.0,74.0,1253.539016728836,0.9831187900604422,1098.5,77.0,1364.6891822102816,0.8750647536448121,1215.5,85.0,1162.874668810713,1.132293915200299,1646.5,89.0,992.37008645,1.195027564241788,1230.0,88.0,957.1252319663695,0.5608114636805057,1336.0,92.0,1082.7015976,0.7521153304696971,3972.5,97.0,1137.9490785,1.125085616807265,1221.0,88.0,958.2358986500001,0.47919858472574034,1517.5,89.0,934.6808328,1.2187423743664723,1196.5,81.0,1129.857802752293,0.8705077011668756,1177.5,79.0,1162.9323875,1.1463810061180553,984.5,71.0,888.3509248117076,0.6317947857029412,1364.0,70.0,1134.540886,1.2300753838855294
998.5,65.0,1214.5522837655035,0.603979662048935,1064.5,69.0,1286.5960093636104,0.42016824460071756,1110.0,74.0,910.3791790999999,0.5599699386362871,1202.5,79.0,1107.9454944,0.6877071172025516,1279.5,83.0,1020.44910955,0.5721006598444754,1242.5,85.0,1159.6379995,0.22922848651706793,1298.5,89.0,1154.4936116,0.346045456418648,1749.5,71.0,1065.0779054999998,1.1672810947597887,1148.5,73.0,1215.5061047617592,0.9634564514512772,1175.0,76.0,1260.5283996062733,0.8607324456184187,1300.0,84.0,1194.5300187845116,1.1125786393056458,1735.0,88.0,1034.6705766,1.1725232925241218,1318.0,88.0,1349.483356549642,0.5566629021428311,1429.0,94.0,1084.94524775,0.7403340622471963,4069.5,97.0,1177.3373095000002,1.1007307264802348,1308.0,86.0,952.02236715,0.472823527728563,1606.0,88.0,981.25263885,1.192482539635559,1278.5,83.0,1194.138615778027,0.8539326665997274,1256.5,79.0,1186.0582305,1.1011374639956728,1055.0,70.0,1148.7363709920312,0.6292588615534069,1434.0,70.0,1134.292801,1.2090446664479038
1063.5,65.0,1215.9199601261141,0.5960095786700849,1133.5,69.0,1206.0281952591304,0.41818663568171927,1183.5,73.0,1089.6248205,0.5535587007146899,1281.5,79.0,1108.4622319,0.6812240606813158,1362.0,82.0,1019.8695220499999,0.559205084963084,1327.0,84.0,879.9502830499999,0.22550182453825904,1387.5,89.0,743.4606527000001,0.3363966962104369,1819.5,69.0,1085.435418,1.1621822471430912,1221.5,73.0,1245.410669016561,0.9433476598279942,1251.5,77.0,1241.1456601722557,0.8484759893145977,1384.5,85.0,1149.1599398098217,1.095008602141786,1823.0,88.0,1110.0578930000001,1.1574017303522135,1406.0,88.0,979.013777282956,0.5459888424381184,1522.0,92.0,1078.74300525,0.7312779700679776,4166.5,97.0,1186.218329,1.081967704897769,1394.5,87.0,1104.1998119999998,0.46877669499880403,1694.5,89.0,839.75637495,1.17892879529599,1361.0,82.0,1172.5258632388206,0.8373758641565662,1335.5,79.0,1206.34253,1.08085786136814,1125.0,70.0,1396.244564612248,0.6173536970447839,1503.5,69.0,1148.490949,1.1958191998641432
1128.5,65.0,1043.127104562463,0.5862953084303983,1202.5,69.0,1202.8807671242444,0.41399255374265004,1256.5,73.0,803.04100955,0.5455833026702631,1360.5,79.0,1148.7761827,0.6703059896090053,1444.0,82.0,1090.472977,0.5513381557307692,1411.5,85.0,578.1890571,0.22355828312692896,1477.0,90.0,931.5021595999999,0.33429039225149265,1888.5,69.0,1097.3248210000002,1.1372342740651162,1294.5,73.0,1218.078179645384,0.9318702789341562,1328.0,76.0,1360.2152775176298,0.8410491881628799,1469.5,85.0,1038.1539423795477,1.071687887455086,1911.0,88.0,1149.2215725,1.1359208582476528,1494.0,88.0,1062.176664763686,0.5418987289917517,1614.5,93.0,1274.1361725,0.7204117785889402,4263.0,96.0,1170.4005594999999,1.0633285224702238,1482.0,88.0,813.9586882,0.45992359323196164,1783.0,88.0,819.84833525,1.1589717595672,1443.0,82.0,1099.2949530903993,0.8314699427766457,1414.0,78.0,1195.900943,1.0657136376742773,1195.0,70.0,1397.6506204066886,0.6143047176866776,1572.5,69.0,1163.0473765000002,1.1832533827866756
1193.5,65.0,1042.1953677505535,0.5762019330397076,1271.5,69.0,1283.3914309085353,0.4062888586697028,1329.5,73.0,873.35705255,0.5443890574008138,1439.5,79.0,1148.4224002,0.6618041101386847,1526.5,83.0,836.7174155499999,0.5457154307594313,1497.0,86.0,574.066677,0.2172615588907187,1567.0,90.0,1363.325914,0.33274847473768937,1958.0,70.0,1101.4915255,1.1223929905052135,1367.5,73.0,1231.7039056809588,0.9235499714551255,1404.5,77.0,1065.0131343458531,0.8300912356617784,1553.5,83.0,991.8618403055882,1.0533059361425645,1999.0,88.0,1151.360048,1.114948948762467,1582.0,88.0,1086.6151573010004,0.5374016021077641,1707.5,93.0,1276.989529,0.7155495781375323,4359.5,97.0,1124.6757095,1.0404669627248495,1569.0,86.0,879.0394002,0.45635090753562363,1871.0,88.0,843.3640567,1.1408039965485934,1524.5,81.0,1121.8367495167793,0.8173313288904103,1492.5,79.0,1118.1659559999998,1.0520334675680396,1265.0,70.0,1226.4998343420648,0.6019779202008722,1642.0,70.0,1167.172094,1.1596699136668036
1258.5,65.0,1150.5334641973882,0.5679529555542452,1340.0,68.0,1286.6804460460444,0.40447345252980194,1402.5,73.0,952.5032875500001,0.5409946226626186,1518.0,78.0,1085.13940465,0.6508302482934579,1609.0,82.0,1120.74380405,0.5415839774952996,1582.5,85.0,626.35386285,0.21280307133870632,1656.0,88.0,1002.9597944500001,0.324572773250987,2027.5,69.0,1100.8566755,1.1051622676855826,1440.5,73.0,1313.0305175690532,0.9116427789104702,1481.5,77.0,1085.7146279655672,0.8176303697032461,1637.0,84.0,992.1379852564119,1.0336834847390666,2086.5,87.0,1090.348039,1.0942871943885164,1670.0,88.0,753.7889121684518,0.5273662641983398,1800.5,93.0,1277.4432835,0.7032023254132741,4456.0,96.0,1097.3319625,1.0191971689534878,1655.5,87.0,1099.7529145,0.45066062129634754,1958.5,87.0,856.60935325,1.119020809510066,1606.0,82.0,1191.219933242363,0.8072768417946187,1571.5,79.0,1022.7228132,1.0361310613405206,1335.0,70.0,1225.214522132189,0.5970087289669574,1711.5,69.0,1170.0732515,1.1381413308398258
1323.5,65.0,1150.9148877293069,0.5635642139128023,1408.5,69.0,1286.6804460460444,0.40045094624253813,1476.0,74.0,713.4797940000001,0.5302706566219015,1596.5,79.0,1086.40335515,0.6464648348442581,1691.5,83.0,1073.6293775,0.5294867354568729,1667.5,85.0,784.1288264,0.21299519562769434,1744.5,89.0,678.64399015,0.3186567154298725,2096.0,68.0,1077.0661755,1.0876604633000044,1513.5,73.0,1261.233694417474,0.8950696753962872,1558.0,76.0,1419.34867932885,0.8087301655206387,1721.0,84.0,978.3830388677526,1.016772538255819,2174.0,88.0,1111.8793755000002,1.072625877930634,1757.5,87.0,1098.7731841688578,0.5233802650707384,1893.5,93.0,1276.5987095,0.6984702673204237,4552.0,96.0,1103.4377344999998,0.9997457753358318,1742.5,87.0,818.9886608500001,0.4425331549188403,2046.0,88.0,861.36846585,1.1002741234167297,1687.5,81.0,1119.0852323091035,0.7931582471848575,1650.0,78.0,910.57206335,1.0210338502691838,1405.0,70.0,1452.22590283417,0.592014868133506,1780.0,68.0,1162.5651134999998,1.1269838266234142
1388.5,65.0,1213.8036786379025,0.5560901792674481,1477.5,69.0,1285.5645795216196,0.3936324628647136,1549.0,72.0,921.58831395,0.5262328746933983,1675.5,79.0,1074.4389538,0.6365302683918868,1774.0,82.0,1071.2387640000002,0.5218677103729411,1752.5,85.0,1109.2137995,0.21171113587707657,1834.0,90.0,1238.6982762,0.3161308660039447,2164.5,69.0,1076.424668,1.0705870655295049,1586.0,72.0,1242.8572885247495,0.877152080938458,1634.0,76.0,1260.254939393742,0.7985247959318348,1805.0,84.0,978.5604052992505,0.9986871741264908,2261.0,86.0,897.0313586,1.0552849384331116,1845.0,88.0,1052.3822552273502,0.5182474294523809,1986.0,92.0,1170.9481836,0.6859758746635359,4647.5,95.0,1030.2611525,0.98345193363212,1829.0,86.0,888.27093285,0.43709902167428605,2133.0,86.0,1033.70151515,1.0815583193283484,1769.0,82.0,1125.006888867797,0.7804863094177341,1728.0,78.0,1002.7647146500001,1.0075903752810653,1475.0,70.0,1393.7423066355136,0.5833612073061247,1848.5,69.0,984.1405503999999,1.1116344434626266
1453.5,65.0,1190.2081158041292,0.546242366286287,1546.5,69.0,1221.2759494648765,0.38973867444043486,1622.0,74.0,1092.9430525,0.5188900861718084,1754.0,78.0,1073.1193558,0.6274692494198015,1855.5,81.0,1108.3844747,0.5188383831941569,1837.0,84.0,1139.3167345,0.20902274444216365,1924.0,90.0,1265.89770685,0.3124087556009718,2233.0,68.0,1061.292187,1.0487405015551394,1658.5,73.0,1246.766742610488,0.8700553430128832,1710.5,77.0,1172.8191466130756,0.785805659444787,1888.5,83.0,843.6464566871371,0.9792702083308726,2347.5,87.0,610.156,1.0419643788363875,1933.0,88.0,735.4994452699056,0.5103617590396218,2078.5,93.0,1171.0119656,0.680542369360401,4742.0,94.0,984.587368,0.9692104804298753,1915.5,87.0,1153.571209,0.43641205715483256,2220.0,88.0,1149.4717395,1.0719639727112993,1850.5,81.0,1196.5186965357955,0.7693569874770496,1806.5,79.0,1195.6704450000002,0.9985326104157423,1545.0,70.0,1396.281221868563,0.5774321297886542,1917.5,69.0,1010.0679428999999,1.0932582052374151
1518.5,65.0,1191.8297978575656,0.5363392835816597,1615.5,69.0,1189.7583849924295,0.38622778390890433,1695.5,73.0,808.8587,0.5124453271452383,1832.5,79.0,1159.61141645,0.6200194715913641,1937.5,83.0,723.7098852,0.5120402532775828,1922.0,86.0,835.604752,0.20524041121885964,2013.0,88.0,752.2534294,0.3029249981022358,2301.0,68.0,998.5426281,1.0356564796535694,1731.0,72.0,1261.1187269189281,0.8587793315759321,1787.0,76.0,1266.1677712497008,0.7737617509124783,1971.0,82.0,709.8884080061209,0.9644283242772581,2434.0,86.0,794.2519947000001,1.0184493021488559,2020.5,87.0,1112.9970918266638,0.5076674780303322,2171.0,92.0,1088.2537026999998,0.6682245366589431,4837.0,96.0,980.23756755,0.9493454998923081,2002.5,87.0,1082.8889605,0.4328062155600529,2307.5,87.0,1121.8338024999998,1.0587546613163143,1932.0,82.0,948.3820657499573,0.7609784735661721,1884.5,77.0,1225.9358860000002,0.9770845560287674,1615.0,70.0,1365.2169299604407,0.5713157379886484,1986.0,68.0,1214.397993,1.080615900590473
1583.0,64.0,922.9635896486034,0.5309077840868875,1684.0,68.0,1254.3799317540415,0.3863268117294408,1768.5,73.0,877.119864,0.50898415675125,1911.0,78.0,1160.60598745,0.6138175995165072,2020.0,82.0,988.3325605,0.5060562811040565,2007.5,85.0,707.33749035,0.20429315061447714,2102.0,90.0,768.1896231000001,0.30009662346091703,2369.5,69.0,974.2838549999999,1.0244863623096165,1803.0,72.0,1236.3059163924195,0.8435579655307515,1863.0,76.0,1358.5525612529354,0.7663977902476524,2053.5,83.0,931.6378534211674,0.9492934603327001,2520.0,86.0,833.28769455,0.9991764852988206,2108.0,88.0,1114.5515018821102,0.5019738612225906,2263.5,93.0,1089.6162697,0.6652393636849686,4932.5,95.0,1004.1197235499999,0.9340464640050596,2089.5,87.0,862.9756797499999,0.42352179651341754,2394.0,86.0,1127.1613515,1.040186846267776,2013.5,81.0,944.7649106409926,0.7454574057342873,1961.5,77.0,1228.408036,0.964658609932341,1685.0,70.0,1042.9203588753014,0.563625780052592,2054.0,68.0,1206.8754525,1.0688130233611106
1647.5,65.0,1003.1432977601363,0.5244002555573222,1752.5,69.0,1285.576235752902,0.38106765013953503,1841.5,73.0,1158.8901035,0.5040788278969961,1989.5,79.0,1043.8674876999999,0.6015162591249742,2102.0,82.0,985.705707,0.4925983635657816,2092.5,85.0,683.8861001,0.19552998495493942,2191.5,89.0,1278.90792155,0.29698396975326213,2438.0,68.0,1038.3424949,1.009608961974905,1875.0,72.0,1140.733557161368,0.8358961962768588,1938.5,75.0,1359.5505065385441,0.7559791826696999,2137.0,84.0,1126.3678898869225,0.9346292910316665,2606.0,86.0,866.89562025,0.9866754311080022,2196.0,88.0,806.1369434205201,0.4924988913173468,2356.0,92.0,1064.529889,0.6520370381227503,5027.5,95.0,1062.4615595,0.9211118255438399,2176.0,86.0,932.90094725,0.42114275482885594,2481.0,88.0,974.2748115499999,1.0217373338495335,2094.0,80.0,1189.473198947703,0.7324300812106456,2039.5,79.0,1131.193807,0.9505697065133282,1754.5,69.0,1133.8797341714749,0.5594578640203456,2122.0,68.0,1211.1284464999999,1.051737186136729
1712.5,65.0,1032.2267823058514,0.5156678195108123,1821.5,69.0,1281.1183871491205,0.37837291037043624,1914.5,73.0,883.1423041,0.49463660009950594,2068.0,78.0,1042.9922056999999,0.593992410541103,2184.0,82.0,986.2061884999999,0.4934315948794636,2178.0,86.0,928.62183875,0.19317864652409744,2280.0,88.0,1370.186224,0.2919621254674901,2506.0,68.0,1101.6350845,0.9939196827919378,1947.0,72.0,1153.3550936999495,0.8201449845553409,2014.0,76.0,1317.0692071219237,0.7489180295815926,2220.0,82.0,1138.562336422173,0.9188039863775403,2692.0,86.0,1126.9198075,0.9747107068142414,2283.5,87.0,1121.7364406280672,0.49023721865913084,2448.0,92.0,1063.203185,0.6477496250491861,5122.0,94.0,1109.0157479999998,0.9080702823896282,2262.5,87.0,1140.183431,0.4175135212892117,2567.5,85.0,1041.6150220499999,1.009562986091722,2175.0,82.0,1127.2429130078076,0.7253819412780925,2117.5,77.0,1101.8296245000001,0.9397915877597307,1824.0,70.0,1226.8416496508808,0.557232462612363,2190.0,68.0,1188.146949,1.0365512783190753
1777.0,64.0,1033.205836507125,0.506743990776862,1890.5,69.0,1282.1063682147274,0.3728061285193601,1987.5,73.0,665.83135995,0.4920491213864702,2146.0,78.0,1085.02930905,0.5842794196113421,2266.5,83.0,1376.736202,0.490197124962384,2263.0,84.0,1103.3630687,0.18880663994351593,2368.5,89.0,818.4834753499999,0.28617957146526524,2573.5,67.0,1102.236253,0.9879236039457675,2019.0,72.0,1215.613553724733,0.8056851703083566,2090.0,76.0,1379.5115422921701,0.7376924588273777,2302.0,82.0,1230.3210005753072,0.9034889589413524,2778.0,86.0,1216.070694,0.9627498185604239,2371.0,88.0,1360.8540389426032,0.4861550727613027,2540.5,93.0,1298.5034679999999,0.6427627392920313,5216.0,94.0,1135.1954005,0.8922249139620824,2349.5,87.0,921.07146115,0.41362215564748855,2653.0,86.0,1246.5945445,0.9948649092032595,2256.0,80.0,1130.7134630906612,0.717925430142307,2194.5,77.0,1213.9718705,0.9386092062464935,1894.0,70.0,993.3967897960314,0.545227636919325,2258.0,68.0,1127.689374,1.0263138438228274
1841.5,65.0,1252.8627709910802,0.5033934424966231,1959.0,68.0,1285.970949177196,0.36866777204014284,2060.5,73.0,941.67736835,0.4900828246558087,2224.0,78.0,1086.87455005,0.5791196163195165,2348.5,81.0,1000.6416426999999,0.47810145083102573,2347.0,84.0,774.349031,0.17933389676706943,2458.0,90.0,736.185176,0.28393863039195144,2641.0,68.0,1053.6545155,0.968116270072959,2091.0,72.0,1242.927342742629,0.8009567612519466,2166.0,76.0,1340.0109215430466,0.7285479567734419,2384.0,82.0,1283.9610528508993,0.8884217694544208,2864.0,86.0,1226.4020195,0.9468309056118952,2458.5,87.0,1001.5337269208314,0.47552883591078016,2633.0,92.0,1249.7704985,0.6346568775797204,5310.5,95.0,1119.9353415,0.8769359230848449,2436.0,86.0,709.87698475,0.40424201047396496,2739.0,86.0,982.02723125,0.9781958491965858,2336.5,81.0,902.7295024069115,0.7049508703138799,2271.5,77.0,1181.2045715,0.9126359252340774,1964.0,70.0,1221.6706865949984,0.5421859834021894,2326.0,68.0,1191.2537795,1.009854656304097
1906.5,65.0,961.9261210364587,0.49230323506047785,2027.5,69.0,1285.970949177196,0.36752911422407153,2133.5,73.0,1091.7656585,0.48530109091908613,2302.0,78.0,1094.5044557,0.5720593085177382,2430.5,83.0,998.2080771999999,0.47276151650379344,2432.0,86.0,710.2318955999999,0.1776988568532118,2547.0,88.0,1287.89332715,0.2819014580500565,2709.0,68.0,1010.9273344999999,0.9506613265349396,2163.0,72.0,1232.5776130351642,0.7876588614432201,2241.5,75.0,1325.5453314772142,0.7166502663696087,2466.0,82.0,1284.7894770182488,0.8732727319979705,2950.0,86.0,1183.772805,0.9326383832691911,2545.5,87.0,1074.0136173794488,0.4725667386122429,2724.5,91.0,1286.1479045,0.6264564043294173,5405.0,94.0,1124.60895,0.8581731811056761,2522.5,87.0,929.9829331000001,0.4036433336770553,2825.0,86.0,963.9629602499999,0.9727561965035934,2417.5,81.0,901.066317226556,0.6949473856487688,2349.0,78.0,1027.6946444,0.897269438929037,2033.5,69.0,1263.3445752825744,0.5375428094496799,2393.5,67.0,1231.7488635,1.0051396018806908
1971.0,64.0,1004.5303639469537,0.4888784000146209,2096.0,68.0,1205.0929547716737,0.36460888028292865,2206.0,72.0,1054.0343445,0.4758223764275472,2380.5,79.0,1094.3438406999999,0.5625607671509177,2512.5,81.0,1293.1506140000001,0.46880036983163254,2517.5,85.0,1022.0318163,0.176774356553262,2635.5,89.0,1544.276715,0.27906762198988855,2776.5,67.0,1057.422582,0.9432369155017769,2235.0,72.0,1265.81887365175,0.7753201921689729,2317.0,76.0,1242.2283413981213,0.7067298050329368,2548.0,82.0,1003.686215155451,0.8583329589373688,3035.0,84.0,1172.5027435,0.9202432875678057,2633.0,88.0,1371.4190645387098,0.47034726687468736,2816.5,93.0,1052.89338965,0.6147347979467108,5498.5,93.0,1079.2007495,0.8482156669377116,2609.5,87.0,1141.716747,0.4017554424726477,2911.0,86.0,1251.5866019999999,0.9543594119035326,2498.5,81.0,1164.6833412960218,0.6856647575196393,2426.5,77.0,1125.4302259,0.8891976098402334,2103.0,70.0,988.0635616424258,0.5280519011531521,2461.0,68.0,1122.3828760000001,0.9870021103595938
2035.5,65.0,1038.2958217401965,0.48158138477067775,2165.0,70.0,1150.958979744277,0.36045633529799637,2278.5,73.0,1102.863209,0.4761217619880689,2459.0,78.0,1351.5503135,0.5566782333607391,2594.5,83.0,987.24683775,0.4656283131580559,2602.5,85.0,1217.0188309999999,0.1742117553643363,2724.5,89.0,1103.2118154999998,0.2729152509573272,2843.5,67.0,1101.064224,0.9267748365260771,2306.5,71.0,1255.305962518113,0.7646160961483979,2392.5,75.0,1264.1047313524837,0.7013357375269995,2629.5,81.0,732.712475268158,0.8459376351600408,3120.0,86.0,1227.819039,0.9097605536203894,2720.5,87.0,891.5439595061096,0.46126044305765757,2909.0,92.0,1071.6782451499998,0.6110530736956649,5592.0,94.0,976.281615,0.8321791795475809,2696.5,87.0,1070.94351,0.39532857609303096,2996.5,85.0,1324.2261525,0.9398554593849765,2579.0,80.0,1027.4066889164465,0.6779295569737857,2503.5,77.0,1224.808149,0.878056802208029,2172.5,69.0,1176.72994387797,0.5242829269682783,2528.5,67.0,932.9117279,0.9690075902318757
2100.0,64.0,1040.3500933023824,0.4744233857284792,2234.0,68.0,1232.373504598428,0.3539488351460086,2352.0,74.0,1138.639268,0.4694438627765207,2537.0,78.0,969.41647635,0.5487704433537876,2676.5,81.0,812.61380565,0.4564902812619085,2687.5,85.0,932.0977707500001,0.1710043604497021,2813.5,89.0,663.83303755,0.266549875147943,2911.0,68.0,1103.009276,0.9129038657593671,2378.0,72.0,1257.3780689466948,0.7536646530633975,2468.0,76.0,1024.0053474052042,0.686469631582817,2711.0,82.0,949.2025952557847,0.827431641180728,3206.0,86.0,1002.3731296,0.8967420599316442,2808.0,88.0,692.3137847443605,0.45736566003676316,3001.0,92.0,1337.0275179999999,0.6064401736664894,5685.5,93.0,1062.3704855,0.8193823668630831,2782.5,85.0,819.6771264500001,0.3887220354441473,3081.5,85.0,1262.7795085,0.9254378386584118,2659.5,81.0,1058.4348952037226,0.6691972465456574,2580.5,77.0,1061.4967035999998,0.865001301417917,2242.0,70.0,1223.7370607191517,0.5195215077463833,2595.5,67.0,1063.2596274,0.959668011609366
2164.5,65.0,1242.394865164586,0.4689546797290631,2302.5,69.0,1286.5772421428885,0.35320668323282456,2425.0,72.0,926.20214735,0.4672879990798881,2614.5,77.0,1058.83266385,0.5386757832037077,2758.0,82.0,1037.5843863999999,0.45284024228425657,2771.0,82.0,624.1600229000001,0.1619930257875226,2902.5,89.0,769.8003007,0.26664068341490615,2978.5,67.0,1060.854748,0.8995066955520293,2449.5,71.0,1231.8283168022672,0.7446545274157078,2543.5,75.0,1022.0217761420721,0.6821046516318009,2793.0,82.0,1218.1006322956796,0.8157333308804301,3291.0,84.0,944.5561766,0.8852216440792828,2895.5,87.0,1171.5337205106332,0.45545845876006,3093.0,92.0,1272.932453,0.598165838017594,5779.0,94.0,1208.204334,0.8038784077363766,2868.5,87.0,889.39468695,0.3872634356419268,3167.0,86.0,1013.6026155500001,0.9160848996829841,2740.0,80.0,1130.6180716209062,0.6596973698744083,2657.0,76.0,1128.4056046,0.8544232297859832,2312.0,70.0,938.8585525260964,0.5098735702045124,2662.5,67.0,1253.0227445,0.9499316593065041
2229.0,64.0,979.8784044064524,0.45518371127039414,2371.5,69.0,1286.5772421428885,0.3497028492622863,2497.5,73.0,866.7326193499999,0.4583657714180417,2692.5,79.0,1043.99776465,0.5344159894493727,2840.0,82.0,889.4162302499999,0.4429757957622625,2855.0,86.0,617.74286985,0.16077526172606696,2991.5,89.0,1286.8325891499999,0.2638885243033681,3045.5,67.0,1018.1908,0.8900502471045623,2521.0,72.0,1231.9867951157275,0.7366917305993815,2618.5,75.0,1021.5621641963348,0.6703720304274216,2874.5,81.0,1283.5321252184824,0.8031601168903424,3376.0,86.0,1196.2412315,0.8797059675913672,2982.5,87.0,1368.3202451088937,0.45097274196529175,3185.0,92.0,1288.725159,0.5945024994907145,5872.5,93.0,1209.9527355,0.7891060519581381,2955.5,87.0,1167.379666,0.3843680397692342,3253.0,86.0,1100.93248205,0.9003566924518184,2820.0,80.0,1125.5993056625698,0.6482618087524612,2733.5,77.0,1191.6693575,0.8443552375368828,2381.5,69.0,1127.3235067712535,0.5083592448643462,2729.5,67.0,1063.1205125000001,0.9449666053406448
2293.5,65.0,1031.9945012044698,0.45203459948716157,2440.0,68.0,1286.1074135783217,0.34720634664278405,2570.5,73.0,1099.972107,0.45719383806178726,2770.5,77.0,1043.58466965,0.526057310939564,2922.0,82.0,661.00020575,0.4408948622517962,2941.0,86.0,619.7179366,0.16082583507688986,3080.5,89.0,1341.6501065,0.2592501565142084,3112.0,66.0,1060.265781,0.8750070204710302,2592.5,71.0,1312.090496891527,0.7211578113066464,2694.0,76.0,1023.7054193302977,0.6654423203434048,2955.5,81.0,1212.0805858344984,0.7877785293209543,3461.0,84.0,1198.0988579999998,0.8631028326120974,3070.0,88.0,974.1777458346669,0.44130579127083874,3277.0,92.0,1083.06706925,0.5876597334556761,5965.5,93.0,1138.5211565,0.7747662678252633,3042.0,86.0,929.5956348500001,0.3820164602250102,3338.5,85.0,1339.481815,0.8919385889285096,2900.0,80.0,945.1017784429478,0.637675179690937,2810.0,76.0,1129.7328269999998,0.8343012642603934,2450.5,69.0,1195.1197995373477,0.505599189901798,2796.5,67.0,1123.651413,0.9238551788076621
2358.0,64.0,1043.404574780076,0.4441940794336547,2508.5,69.0,1232.3255778791918,0.3401793854905046,2643.5,73.0,1160.123833,0.4509914107922958,2848.0,78.0,1177.1629134,0.5209062729951054,3004.0,82.0,1066.3360295,0.43885791076509384,3027.0,86.0,819.1417764,0.1596466505489621,3169.0,88.0,801.68547715,0.2572876292293465,3179.0,68.0,1103.3518955,0.858367233292833,2663.5,71.0,1232.681046447531,0.7074754481030102,2769.5,75.0,1027.6946872602161,0.6568145562678793,3036.5,81.0,1139.149024491528,0.7787878592288436,3545.5,85.0,1165.7016290000001,0.8533913500485417,3157.5,87.0,946.41774734146,0.4387952517142,3369.0,92.0,1085.04737775,0.5795200919049182,6058.5,93.0,1135.079093,0.7668993263228868,3128.5,87.0,710.6595955,0.3766827530550119,3423.0,84.0,1039.21477325,0.8752548832666629,2980.5,81.0,949.1711093386705,0.6286092927068627,2887.0,78.0,1212.81507,0.8216912900441998,2520.0,70.0,906.6205016382064,0.49590826450157366,2863.5,67.0,1276.020069,0.9158360101595733
2422.0,64.0,850.5663355991169,0.4394553826084858,2577.0,68.0,1233.061367362063,0.33710719447447407,2716.0,72.0,865.62364255,0.4504097359722937,2926.0,78.0,786.6562384,0.5121002661944262,3085.5,81.0,1044.19502605,0.4272015866795442,3112.5,85.0,1135.0440525,0.15850243155090257,3258.0,90.0,591.69689115,0.24995335594023738,3246.0,66.0,1069.2760429999998,0.8515900057765209,2734.5,71.0,1233.8935084994805,0.7043894911888686,2844.5,75.0,1025.757928350597,0.6493773115631856,3117.5,81.0,1213.1350696405116,0.7679664252483971,3630.5,85.0,1239.7932355,0.8422905842308653,3245.0,88.0,1340.7885862447442,0.43730584517681065,3461.0,92.0,1348.5738000000001,0.5777167199449488,6151.5,93.0,1167.507541,0.754452127995048,3215.0,86.0,734.0879055,0.36999304526621013,3508.0,86.0,1020.33252225,0.8642156649827111,3061.0,80.0,943.6114138196258,0.6244618616112358,2964.0,76.0,972.01137305,0.8123294170716947,2589.5,69.0,1069.618752382013,0.49127874323171566,2930.5,67.0,1102.8155305,0.9013868426943088
2486.0,64.0,1042.171055106424,0.43369424223608766,2645.0,68.0,1286.4737059859167,0.3358138925124151,2788.5,73.0,828.23176455,0.4419407328576209,3004.0,78.0,1049.2318295,0.5074925171584603,3167.0,82.0,779.58839795,0.4242896967331391,3197.0,84.0,1227.1137555,0.15826913944344284,3347.0,88.0,710.750668,0.24734227532470493,3312.5,67.0,1068.6731730000001,0.8375288820812293,2805.5,71.0,1236.460293080937,0.6908812480333042,2919.5,75.0,1165.7029200801057,0.6401163687992452,3198.5,81.0,1230.4637621602437,0.752855606320744,3715.0,84.0,933.6146389,0.8290676341191252,3332.0,86.0,1368.3063438174859,0.43277893193806244,3552.5,91.0,1039.16236815,0.566207712848417,6244.5,93.0,1054.93964095,0.7377686686076476,3301.5,87.0,953.44850535,0.36781243497233546,3593.5,85.0,1350.8204005,0.855363506590457,3141.0,80.0,941.7595769587817,0.6111531514185128,3040.0,76.0,989.7475700499999,0.8023704211700121,2659.0,70.0,1395.2953092860807,0.488515773605598,2997.5,67.0,1176.966071,0.8895984548330487
2550.5,65.0,926.9553942836608,0.42392150639216764,2713.5,69.0,1286.000961712022,0.33325610448278437,2861.0,72.0,1122.7005399999998,0.43989454410021367,3082.0,78.0,1132.9087488,0.49883789733233597,3248.5,81.0,1112.8708794,0.42152809245869266,3281.5,85.0,1150.09402,0.15679224207827902,3436.0,90.0,1125.9720185,0.24622505985054163,3379.0,66.0,1102.759678,0.8277060190798883,2876.5,71.0,1237.9267802180275,0.6835854520988037,2994.5,75.0,1165.7825276813019,0.6303226097892233,3279.5,81.0,1147.2694812258426,0.7494545544716968,3799.5,85.0,935.2367483999999,0.8227350358449822,3419.0,88.0,1016.6738945882007,0.42605828118399064,3644.5,93.0,1045.79398315,0.5613675439460049,6337.0,92.0,1007.94409745,0.7278127817555898,3388.0,86.0,1104.4351505,0.3664983347772097,3678.0,84.0,1111.0340289,0.841679773556581,3221.0,80.0,1128.696836631094,0.6069153919945525,3116.0,76.0,999.94779055,0.7894129237769402,2728.5,69.0,1190.1778628496618,0.4813474276606208,3064.0,66.0,1284.541686,0.8831389198337568
2615.0,64.0,987.526202331675,0.4192120991898026,2782.5,69.0,1286.000961712022,0.3295507375976894,2933.5,73.0,1119.800906,0.4347004304215808,3160.0,78.0,1133.3731563000001,0.49189609678313817,3330.0,82.0,1308.0707175,0.41647134181140777,3366.5,85.0,888.8567356000001,0.1547468048475061,3525.0,88.0,1259.3666495,0.24375353219334686,3445.5,67.0,1052.8172375,0.8115909799806872,2947.5,71.0,1260.6836707209338,0.6681530027889913,3069.5,75.0,1346.6560524083434,0.6268214331625879,3360.5,81.0,1202.9621767595434,0.7359459334818608,3884.5,85.0,1216.7065994999998,0.8090775040575413,3506.5,87.0,957.7762040893215,0.4217142754108048,3737.0,92.0,1288.851534,0.5567651246696349,6429.5,93.0,1051.3565395,0.7119632232779883,3474.0,86.0,852.61149015,0.35976106681290543,3762.5,85.0,1050.4234154,0.83210841867722,3301.0,80.0,1131.3247042250637,0.5951655169872301,3192.0,76.0,934.08805805,0.782218422693048,2798.0,70.0,1140.328589141768,0.47517695406280314,3130.5,67.0,1092.7375915,0.8751078343066054
2679.0,64.0,1187.193898698421,0.41540392893175454,2851.0,68.0,1283.7843594396268,0.3243747314476056,3006.5,73.0,832.3596107999999,0.42706493313257277,3237.5,77.0,1439.3544565,0.48981622599797897,3412.0,82.0,886.8399698,0.4081556899938328,3452.5,87.0,662.0611766,0.1490236350398793,3613.5,89.0,878.5855446999999,0.24227661827475047,3512.0,66.0,1052.556992,0.8024166462098308,3018.5,71.0,1258.8444743763296,0.663699237550735,3144.5,75.0,1185.0740513612227,0.6134778811789399,3441.0,80.0,1211.429884311637,0.7224870232070203,3969.0,84.0,1213.9280325,0.8018495835879287,3593.5,87.0,1259.2832291749824,0.4189390042729994,3828.5,91.0,1024.7001098,0.5478240479959771,6522.0,92.0,1136.383034,0.6988677706210968,3560.0,86.0,672.1300497,0.353878353539999,3847.5,85.0,1387.9596430000001,0.8222752827227252,3381.0,80.0,1130.9122433516463,0.5874313878415968,3268.0,76.0,1185.5516065000002,0.7710520399927845,2867.5,69.0,1400.4871490333844,0.4733472852918891,3197.5,67.0,1210.2962615000001,0.860726263397312
2743.0,64.0,945.3939851154234,0.4054567842090346,2919.0,68.0,1221.7925114427874,0.3209683039318033,3079.0,72.0,818.3658582999999,0.42115868968207226,3314.5,77.0,1035.0843632,0.4806178083449301,3494.0,82.0,953.2903663,0.4040265497229256,3537.5,83.0,590.70826545,0.15263223943189472,3702.5,89.0,633.7460117,0.23427553569025078,3578.0,66.0,1063.2177015,0.7891964757261618,3089.0,70.0,966.4220805496443,0.6527440017388313,3219.5,75.0,1205.5408016952733,0.6092800293413014,3521.5,81.0,1209.6327136248785,0.7116215283029478,4053.0,84.0,1237.1769060000001,0.7898220398883635,3681.0,88.0,1054.0309535559832,0.4168986998110549,3919.5,91.0,1092.1658928,0.5438965307426401,6614.5,93.0,1114.5506034999999,0.6873956595248281,3646.5,87.0,884.04711405,0.351618526231214,3932.0,84.0,1078.9888844500001,0.8140844065969288,3461.0,80.0,1162.705699123406,0.578692714865218,3344.0,76.0,1185.9954195,0.7645586688912148,2936.5,69.0,1184.4773116613235,0.46809970612633134,3264.0,66.0,1129.52966805,0.8529138013335039
2807.5,65.0,1058.1390629039447,0.40163906251888776,2988.0,70.0,1223.8382340642847,0.3206572588788191,3152.0,74.0,1105.0522615,0.4207018262281334,3392.0,78.0,1035.3290657,0.47526028064910636,3576.0,82.0,1371.3739719999999,0.4021914472215605,3621.5,85.0,553.6234876000001,0.1454714070729597,3791.5,89.0,665.69901215,0.23014803073111612,3644.0,66.0,1021.062192,0.7862199738533737,3159.5,71.0,967.9025212084223,0.6403968256867956,3294.5,75.0,982.554039752371,0.5988892237579106,3602.0,80.0,1284.9263116807972,0.7034603822801466,4137.5,85.0,1177.332791,0.7785895725531425,3768.5,87.0,716.1178067000318,0.40654369205814256,4010.5,91.0,1293.614023,0.5385726109519756,6707.0,92.0,1110.9605265,0.6799888631900116,3733.5,87.0,1291.959854,0.3499441359310357,4016.0,84.0,1085.72795095,0.8032938543612121,3541.0,80.0,1189.9193255218465,0.5731248072326846,3420.0,76.0,1237.2233975,0.7565253664306579,3006.0,70.0,820.6647465999681,0.45915946243210304,3330.0,66.0,1133.73391705,0.8453110823358296
2872.0,64.0,1225.0845960414374,0.3874179828175759,3057.0,68.0,1285.3463633782064,0.31748275296956535,3225.0,72.0,1116.474824,0.41871722652280435,3470.0,78.0,1258.046899,0.4689998513794099,3657.5,81.0,1292.720102,0.39963923399069795,3706.0,84.0,591.3537444,0.14406403877994042,3880.5,89.0,998.67612915,0.22882346121417804,3710.0,66.0,1060.3892744999998,0.7732922745025801,3230.5,71.0,1303.7757750441092,0.6293469930133049,3369.0,74.0,1045.2093093281187,0.5969634746829925,3682.5,81.0,1230.4419500779386,0.6946627567201036,4221.5,83.0,1226.929501,0.7699049421870793,3855.5,87.0,1045.1393490288942,0.40479569541900695,4102.5,93.0,1036.7947053,0.5305572648339589,6799.0,92.0,1155.4180230000002,0.6682533701311582,3820.0,86.0,1120.4900719,0.34698080080496024,4100.5,85.0,1176.02787395,0.7908291283369429,3620.5,79.0,1187.227849833776,0.5628675853591912,3496.0,76.0,1010.73307775,0.7470474449497516,3075.5,69.0,1088.7922628203753,0.4568195629768228,3396.5,67.0,1297.472682,0.8295558908501384
2935.5,63.0,1224.2981695468957,0.3874484503674188,3125.0,68.0,1285.9763907990232,0.31345167363150656,3297.0,72.0,806.69264305,0.4117140191626062,3548.0,78.0,885.95927955,0.4582450928147944,3739.0,82.0,905.6832822,0.38857059296288915,3791.0,86.0,806.8813894,0.14281683542654153,3969.0,88.0,1420.4000765,0.22687447721842519,3776.5,67.0,1047.38654215,0.7607103669141484,3301.5,71.0,1225.876130833045,0.6194516627913659,3444.0,76.0,1086.6725990594737,0.5855243635074715,3763.0,80.0,1229.4124274054757,0.6832689192574537,4305.5,85.0,1223.1313355000002,0.7644622618258698,3942.5,87.0,1175.9874620265823,0.40102152085495285,4194.5,91.0,1098.3701833,0.5274270501833381,6891.0,92.0,1078.6084265,0.658084462442312,3906.5,87.0,743.7184050000001,0.34141507974481994,4185.0,84.0,1170.26172295,0.7795184016791411,3700.5,81.0,1191.1726402778013,0.5572564718865203,3572.0,76.0,1011.93381425,0.7348827560913522,3144.5,69.0,1370.326002713337,0.45157882094670593,3463.0,66.0,1239.2607685,0.8181337727947231
2999.0,64.0,1299.6900170439562,0.3854340737589059,3193.0,68.0,1285.9763907990232,0.3134572775187391,3369.5,73.0,611.1278641,0.4060981453887159,3626.0,78.0,1061.5114225500001,0.4557938496734769,3820.5,81.0,984.0980482,0.38612543648073727,3876.0,84.0,904.8160868,0.14329426723833552,,,,,3843.0,66.0,1049.0601241499999,0.7546701542571559,3372.0,70.0,1237.449907289912,0.6124836692188425,3519.0,74.0,1058.8370649955377,0.5802782027071026,3843.5,81.0,937.3056202074317,0.6716741974078777,4390.0,84.0,1224.842296,0.7528233257377922,4030.0,88.0,872.8649673033183,0.3973125824722229,4286.0,92.0,1352.1157990000002,0.5229170683143707,6983.0,92.0,1125.5991045,0.650878047881689,3993.0,86.0,691.73532695,0.336632793436648,4269.0,84.0,1135.31635805,0.772370483319752,3780.5,79.0,902.6912480605088,0.547609682260653,3648.0,76.0,1238.7740935,0.7284768353048188,3214.0,70.0,1068.6687327956056,0.44349231890441615,3529.0,66.0,1368.055577,0.8143200027828918
3063.5,65.0,1067.5674930257567,0.3776638090382093,3261.5,69.0,1284.3952950259954,0.31090302022307004,3442.0,72.0,921.90717305,0.40345035974173454,3703.5,77.0,1345.061803,0.4524500205688152,3902.0,82.0,1363.0099205000001,0.3872135060200234,3960.5,85.0,1015.90274415,0.14095281067959772,,,,,3908.5,65.0,1048.946226,0.738751655902924,3442.0,70.0,1261.576228911556,0.6053203638836819,3593.5,75.0,1129.5935238313516,0.573755813323802,3924.0,80.0,938.5863466270712,0.6630269600666806,4474.0,84.0,1002.22814685,0.7424268039831151,4117.5,87.0,769.799419443639,0.388325629719844,4377.5,91.0,1092.01022815,0.5137794021724479,7075.0,92.0,1121.1024075,0.639337046462132,4079.0,86.0,851.32485935,0.33646682121642774,4353.5,85.0,1096.88889855,0.7690820658381057,3860.0,80.0,969.5675702256846,0.5411016032516994,3724.0,76.0,1223.5175749999999,0.7196913781514719,3283.5,69.0,1098.8655104053234,0.43801121937920484,3595.0,66.0,1144.27007405,0.8000029562279319
3128.0,64.0,1066.3292090824307,0.3708989044960486,3330.5,69.0,1228.5815735942738,0.3041774340051184,3514.5,73.0,1156.948146,0.4007222004463557,3780.5,77.0,975.7493897500001,0.4412861557697454,3983.5,81.0,1035.25661065,0.37970121186965416,4045.5,85.0,1216.7933325,0.14053542700000687,,,,,3974.0,66.0,1046.8927095,0.7375010818717781,3512.5,71.0,1261.965712851246,0.5960958137752783,3668.5,75.0,800.6238988700015,0.563009581810464,4004.0,80.0,962.1262383963153,0.6519543534087902,4557.5,83.0,1002.3512618499999,0.734652809528974,4204.0,86.0,1072.6762258656242,0.3880363991829471,4469.0,92.0,1051.37071015,0.5085799459321284,7167.0,92.0,1121.970947,0.6288674336050178,4165.0,86.0,1276.5145195,0.3337208276418135,4438.0,84.0,1140.9334681,0.7531694417287922,3939.5,79.0,952.9320797746659,0.5345435187875707,3799.5,75.0,1167.4403750000001,0.7115705374055038,3352.5,69.0,1317.1074372352573,0.4335226141437198,3661.0,66.0,1143.10216505,0.7918630649833165
3192.0,64.0,1299.253347803052,0.36607780177240584,3399.0,68.0,1230.1931639830009,0.3016445177268287,3587.5,73.0,876.01740135,0.396915357860351,3857.5,77.0,1065.42978775,0.4394536180234618,4065.0,82.0,676.7957761499999,0.37143474400252924,4130.5,85.0,1226.904763,0.13813550582148929,,,,,4040.0,66.0,1102.0169895,0.7228121592367288,3583.5,71.0,1049.6440117212467,0.5868167847764238,3743.0,74.0,1072.558856851328,0.5624109368253504,4084.0,80.0,961.8029944722639,0.6462272034446566,4641.5,85.0,1008.65029355,0.7266789182408763,4291.0,88.0,1429.5841026028288,0.3845229402269068,4561.0,92.0,1311.090499,0.506130069711457,7259.0,92.0,1084.9195827,0.6174775660557207,4251.5,87.0,1123.1359669,0.3299386404999506,4522.0,84.0,891.4978072,0.7441690771122487,4018.5,79.0,953.2817841937513,0.526413334793681,3875.0,76.0,1313.1363685000001,0.7010131618394287,3421.5,69.0,1086.4839171380117,0.42955859206706626,3727.0,66.0,1143.39166525,0.7815000483644469
3256.0,64.0,1300.8329185881441,0.364863516208888,3467.5,69.0,1286.6647859288616,0.30043610488307104,3660.5,73.0,684.71971935,0.3891319863840643,3935.0,78.0,1335.6535855,0.43449192029082945,,,,,4215.5,85.0,1223.369242,0.13826896204365813,,,,,4106.0,66.0,1094.81792,0.7128261729208225,3654.0,70.0,1044.6894432865267,0.5785642456730264,3817.5,75.0,1112.5208333254293,0.5536752186575636,4164.0,80.0,1173.8654067032403,0.6345933698795836,4725.5,83.0,1007.22017355,0.7173748480507662,4378.5,87.0,1182.4206138272075,0.3809259437583526,4652.5,91.0,1103.38117405,0.503235213904258,7351.0,92.0,1084.8679782,0.6116142587592297,4338.0,86.0,769.2569468500001,0.32724377092041773,4605.5,83.0,1181.7911681,0.7344424594032789,4098.5,81.0,1197.3183763820903,0.522551351981439,3951.0,76.0,1188.95631845,0.6909146322522896,3491.0,70.0,780.0036965364675,0.4234079470519098,3793.0,66.0,1085.1593507500002,0.7761092470926297
3320.0,64.0,1226.8713960210441,0.35561908586887364,3536.0,68.0,1286.1866116547783,0.2971245182990973,3733.0,72.0,757.2715326499999,0.3881372189265863,4013.0,78.0,893.1945482,0.4293700604550523,,,,,4300.5,85.0,961.81001315,0.13753829959920943,,,,,4171.5,65.0,1095.215373,0.7010227145510174,3724.0,70.0,1270.4937134056142,0.5733971395005582,3892.5,75.0,1075.7871874775553,0.5440684941879946,4244.0,80.0,1167.7418447508023,0.6281568918575247,4809.0,84.0,974.6386567,0.7075262627202974,4465.5,87.0,852.4384175902045,0.37786467497627557,,,,,7443.0,92.0,1150.2001375,0.5989274803410881,4424.5,87.0,883.88691365,0.3201523099052386,4689.0,84.0,1079.1146533,0.7264748422490671,4178.5,79.0,926.1985530258739,0.5100310416221129,4026.5,75.0,1020.3211419500001,0.6842257599285576,3560.5,69.0,1008.1374142569828,0.4195388803639463,3859.0,66.0,1090.17854065,0.7614230125834782
3384.0,64.0,1225.8323736257448,0.350604222804956,3604.5,69.0,1286.1866116547783,0.2949590563555518,3805.5,73.0,953.55258065,0.38592552443958045,4090.5,77.0,675.5556987,0.4240497475580961,,,,,4385.0,84.0,655.3487622,0.13410969463782435,,,,,4237.0,66.0,1038.44908425,0.6951207122307629,3794.5,71.0,1069.8418316845107,0.5653862245426654,3967.0,74.0,1392.5690291932906,0.5412732352316557,4324.0,80.0,1234.5937111099113,0.6171606678613761,4893.0,84.0,974.8199182,0.6981263348116115,4552.5,87.0,758.7903567734172,0.3715720614371809,,,,,7535.0,92.0,1081.9584304999998,0.5861433651940562,4511.0,86.0,1021.6008342,0.318496509828416,4773.0,84.0,1087.3669052999999,0.718053186861566,4258.0,80.0,987.4581431594183,0.5040588347610037,4102.0,76.0,1040.9161091,0.6749342976077403,3629.5,69.0,1398.284127282333,0.41827351846893485,3924.5,65.0,1067.83963515,0.7550839161786852
3448.0,64.0,1299.8625270881307,0.3487082933151,3673.0,68.0,1284.6059713297936,0.2886339132883539,3878.0,72.0,1119.377084,0.38229689792597943,4167.5,77.0,1116.6783245000001,0.42110797810072786,,,,,,,,,,,,,4303.0,66.0,1038.30831925,0.6858864609030247,3865.0,70.0,1031.2189399924791,0.5545932368406576,4041.0,74.0,1030.1065035296338,0.5316196506101432,4404.0,80.0,1225.652898771745,0.6115395624696247,4976.5,83.0,1025.3249712,0.6900753553938745,4639.0,86.0,1092.5530895623097,0.3682109024455119,,,,,7626.5,91.0,1137.466475,0.5750030960430802,4597.0,86.0,1274.433244,0.318840786135559,4857.0,84.0,1152.0450962,0.7037207719786653,4337.5,79.0,971.0924683688831,0.4981161006948894,4177.5,75.0,1034.3041431,0.6665342912746208,3699.0,70.0,1101.7015292897331,0.414842180792845,3990.0,66.0,1099.1661835,0.7469306168593401
3511.5,63.0,1245.103344224613,0.3432021085222208,3741.5,69.0,1210.117317259669,0.28664686839552805,3950.5,73.0,1053.3159249999999,0.3746083075247257,4245.0,78.0,1155.8702462,0.4152472755889384,,,,,,,,,,,,,4368.5,65.0,1057.626714,0.6759607169616758,3935.0,70.0,978.7517426275026,0.5453660521577941,4115.5,75.0,1025.6600488263578,0.5264510116215473,4483.5,79.0,1209.5569287454457,0.5986282526582261,5060.0,84.0,1026.7970002,0.6826312637075561,4725.5,87.0,1381.2440950107623,0.36701791508473003,,,,,7717.5,91.0,1169.052549,0.5626042606131079,4683.0,86.0,1454.0598595000001,0.3160207600514915,4941.0,84.0,820.5296082,0.6946206128294089,4417.5,81.0,1037.1590107421125,0.49518906958627673,4252.5,75.0,1200.038047,0.6601381750056904,3768.0,68.0,771.0040846231291,0.40556933952932733,4056.0,66.0,1180.0158425,0.7373336943413911
3575.5,65.0,1166.8013977351675,0.338974910571826,3810.0,68.0,1136.5907871514307,0.2843638805009841,4023.0,72.0,1034.1472549999999,0.371589516039641,4322.5,77.0,776.7856956,0.4085782421591679,,,,,,,,,,,,,4434.0,66.0,1057.6532379999999,0.6676187616924878,4005.0,70.0,1057.032001879103,0.5426872404044715,4190.0,74.0,1341.3885592861834,0.5191885756299799,4563.0,80.0,1236.445439109917,0.5908509316674678,5143.5,83.0,1014.28607905,0.6748182110783724,4812.5,87.0,1120.4098585201714,0.36483468795138657,,,,,7809.0,92.0,1168.8598080000002,0.558808387262516,4769.5,87.0,1108.0974697,0.3131079628934028,5024.5,83.0,1151.1222870000001,0.6827955283941777,4497.0,78.0,1329.0892578934358,0.4849856635427099,4328.0,76.0,998.3154955,0.6510289314952836,3837.0,70.0,1047.3711595495492,0.40419725207288193,4122.0,66.0,1157.01166805,0.7291123185832761
3639.5,63.0,1222.3013712094116,0.3309650905756375,3878.0,68.0,1210.3530476802835,0.28346641210140655,4095.5,73.0,902.2944434999999,0.37003119267165646,4400.0,78.0,784.5591296499999,0.40532289176337466,,,,,,,,,,,,,4499.5,65.0,1061.8999085,0.6589438477601387,4075.0,70.0,1257.942168872868,0.538434934770568,4264.5,75.0,973.706674591845,0.5122603683295696,4643.0,80.0,1239.2505886843232,0.5811469848662962,5226.5,83.0,1015.17664255,0.6643438507163537,4900.0,88.0,796.2520954024695,0.36030530128125415,,,,,7900.0,90.0,972.9198202499999,0.545838193422795,4855.5,85.0,860.0082852,0.309438760916946,5107.5,83.0,1155.0044992,0.6725239212502807,4575.5,79.0,945.4721373417917,0.47902824838991875,4403.5,75.0,1066.8027120000002,0.6438813121405753,3906.5,69.0,1378.9897169162032,0.4011627303682202,4187.5,65.0,1157.41633305,0.7206543118239472
3703.0,64.0,1300.230470516442,0.3300880407177251,3946.5,69.0,1285.8329176041914,0.2808967177895665,4168.0,72.0,963.859433,0.3697527829865519,4477.5,77.0,1164.75937975,0.40142090803933783,,,,,,,,,,,,,4565.0,66.0,1062.0936965,0.6488839818661148,4145.5,71.0,1212.5845415482518,0.5280042128259917,4339.0,74.0,1057.7306139172,0.5100590924372589,4722.5,79.0,1267.3078533167645,0.5739875704886857,5310.5,85.0,998.7962821,0.6584696659260819,4987.5,87.0,669.4369809341408,0.35327440730380033,,,,,7991.5,93.0,973.5977707499999,0.5399108943305712,4941.5,87.0,865.32870395,0.3021328181867693,5191.0,84.0,1155.8221557000002,0.6651331023202572,4654.5,79.0,998.5095871116662,0.4745059854496901,4478.5,75.0,985.1337652,0.6339394138391983,3975.5,69.0,1156.0974527534438,0.39661457054890453,4253.0,66.0,1173.83814905,0.7130154285114788
3767.5,65.0,1299.7576697215525,0.32890324703251295,4015.5,69.0,1286.3135766753908,0.2798329659858541,4240.5,73.0,1128.3076955000001,0.3645403912579646,4555.0,78.0,1106.33022005,0.3969733873146943,,,,,,,,,,,,,4630.5,65.0,1038.6025587,0.6409938023616152,4215.5,69.0,1253.7536657304845,0.5211542623161657,4413.5,75.0,1347.3200667311914,0.503857935216958,4802.0,80.0,1070.3785546371712,0.5667743049050707,5394.0,82.0,996.3695956,0.6502820214785138,5074.5,87.0,822.832322010094,0.3510853624569272,,,,,8083.0,90.0,967.50932295,0.5361403788193971,5028.0,86.0,770.39487305,0.300716168024776,5274.5,83.0,1064.0409339,0.6512177400280132,4734.0,80.0,1104.199727629164,0.4685812790286473,4553.5,75.0,984.0115561999999,0.6322735090543348,4044.5,69.0,784.1684348208719,0.39369592157531863,4318.5,65.0,1124.39536305,0.7049485220170912
3831.5,63.0,1115.2198388567706,0.32228991331356155,4084.0,68.0,1285.6951427146328,0.2769419412623188,4313.0,72.0,888.8330423,0.36190589571170084,4632.0,76.0,621.32377615,0.39071790235241294,,,,,,,,,,,,,4695.5,65.0,1036.4637186999998,0.6366711279918105,4285.0,70.0,1031.2005031934555,0.5133850413691821,4488.0,74.0,949.8728215801739,0.4939966140307096,4881.5,79.0,1107.8057409418718,0.5598507534141907,5477.0,84.0,1221.003698,0.6439023337818812,5161.5,87.0,1210.1980222016896,0.34977330512641935,,,,,8174.0,92.0,792.9799986,0.5241310423227848,5114.5,87.0,1110.1384576,0.2994833825860936,5357.5,83.0,1065.7031719000001,0.6468031800274066,4813.5,79.0,731.2215604115959,0.4596484669144649,4628.5,75.0,1033.82230125,0.6236974485496475,4113.5,69.0,710.179633120386,0.38845604606096074,4384.0,66.0,1111.55869875,0.6963756353335036
3895.0,64.0,1115.0519012418386,0.31722310657566255,4152.0,68.0,1285.2144836434336,0.2768681857489117,4385.5,73.0,863.9730168000001,0.35529699069926296,4709.0,78.0,658.76137965,0.3888816807966439,,,,,,,,,,,,,4760.5,65.0,1053.8199559999998,0.6267717047314202,4355.0,70.0,1046.7552253747456,0.5094262780952614,4562.0,74.0,1031.824247405283,0.4950572205832005,4960.5,79.0,1081.0390466082833,0.5490302406717004,5560.5,83.0,924.8391846,0.6314348995555689,5248.0,86.0,1176.4934356030126,0.3493316522425337,,,,,8266.0,92.0,963.0153361499999,0.5210391161248881,5201.0,86.0,1255.3443065000001,0.2959256728433623,5441.0,84.0,1040.7317674,0.6357920060224515,4892.5,79.0,1010.7528135370308,0.45686384652014395,4704.0,76.0,979.3688702500001,0.6155546153211668,4182.5,69.0,1053.8283237045166,0.3846513743107993,4449.5,65.0,1104.5117452499999,0.6869650620911127
3959.0,64.0,1300.051769404438,0.3174509550597778,4220.0,68.0,1276.8353906205416,0.2710989918042973,4458.0,72.0,1104.0437415000001,0.3526768576692965,4786.5,77.0,1143.33401105,0.38593968712751453,,,,,,,,,,,,,4826.0,66.0,1056.15093,0.6137588642585713,4425.0,70.0,1237.6616059339185,0.5031722807924214,4636.0,74.0,1347.206926208524,0.4861311542195289,5040.0,80.0,1080.4084055754063,0.5409245439768376,5643.5,83.0,994.0102086,0.6296738071285289,5335.0,88.0,787.8459664840544,0.34450908369204764,,,,,8357.0,90.0,859.6567003499999,0.5104889051151805,5287.0,86.0,973.97766925,0.2967872291321442,5524.5,83.0,1039.8141549,0.6280444630365076,4971.5,79.0,1320.4663294690204,0.45362472447679564,4779.0,74.0,1252.277924,0.6129390114480576,4252.0,70.0,1177.0355922247866,0.3810619151835615,4514.5,65.0,1290.0969925,0.6801164967188809
4023.0,64.0,1300.527383861197,0.31207139313071053,4288.5,69.0,1222.5843257658637,0.26885930477036496,4530.5,73.0,1162.567241,0.35116576102831537,4864.0,78.0,1350.8487495,0.380657685495299,,,,,,,,,,,,,4891.5,65.0,1070.5722795000001,0.6084258787061391,4495.0,70.0,1192.311432887539,0.4934441998063336,4710.5,75.0,933.9912847239912,0.47792927098224114,5119.5,79.0,1048.7139869317032,0.5325204111107547,5727.0,84.0,1012.3171684000001,0.6207518373049875,5422.5,87.0,576.7694368609998,0.3371666764801696,,,,,8447.5,91.0,927.6758733500001,0.5072076191807077,5373.0,86.0,913.87362515,0.29065275850061034,5607.5,83.0,1147.6334574,0.6210755682564487,5050.5,79.0,955.6263574655568,0.44351005599967097,4854.0,76.0,898.6473168,0.6002858806986673,4321.5,69.0,834.5178362742656,0.3813326872247423,4580.0,66.0,1052.0242246999999,0.6717214447094768
4087.0,64.0,1248.3514137154182,0.3078449022710957,4357.0,68.0,1230.0833310316602,0.2662289479748575,4603.0,72.0,1154.0236335,0.3489479942278694,4941.0,76.0,877.9732419500001,0.3772578085879272,,,,,,,,,,,,,4956.5,65.0,1007.1985148,0.5970518558760252,4565.0,70.0,1248.560074010396,0.4863131306021837,4785.0,74.0,1016.5501710176442,0.4747461751736354,5199.0,80.0,1058.5951359016076,0.5222993765313712,5810.5,83.0,1014.1820849000001,0.6153905716007707,5509.0,86.0,577.6229847423513,0.33560010443099075,,,,,8538.5,91.0,1140.2905475,0.4983397370370128,5459.0,86.0,720.11940795,0.2832969012545921,5690.5,83.0,1146.5346364,0.6142279351676635,5129.5,79.0,1032.3238356847864,0.4387171006733119,4929.5,75.0,905.0096218000001,0.597679369965481,4390.5,69.0,658.5939964241107,0.37194251743088497,4645.5,65.0,1134.1271977,0.6657092482895152
4150.5,63.0,1247.5807934106151,0.30221523654119137,4425.0,68.0,1284.900800515747,0.26561159854843885,4675.0,72.0,940.1779124999999,0.3473616547017908,5018.0,78.0,526.01070955,0.37071629661320776,,,,,,,,,,,,,5021.5,65.0,1039.1069723,0.5931032064835688,4635.0,70.0,969.8543227053481,0.48512677645167784,4859.0,74.0,1371.646160793473,0.4699299509528474,5278.5,79.0,1131.4549268712801,0.5134222175310743,5893.0,82.0,1035.75505855,0.608372940766106,5595.5,87.0,1045.6641152636441,0.33450986995164156,,,,,8630.0,92.0,982.4781113500001,0.4934109558736998,5545.5,87.0,606.1044741000001,0.2829318565227078,5774.0,84.0,1217.74740825,0.6081376484678956,5208.5,79.0,1333.4183909206229,0.43697435506976073,5004.5,75.0,1240.7450469999999,0.5891216432037276,4459.5,69.0,964.217981163757,0.3687043804356834,4710.5,65.0,1133.8194220999999,0.6536050412940655
4214.0,64.0,1299.7880925257396,0.2997321673713827,4493.5,69.0,1285.8666338310518,0.2633066046182799,4747.5,73.0,748.46018165,0.3385194800260126,5095.5,77.0,994.5876036,0.36864014601641565,,,,,,,,,,,,,5086.5,65.0,864.8100564499999,0.5809030124451423,4705.0,70.0,750.9821519108934,0.47411516576053464,4933.0,74.0,968.4674860795965,0.46477487231636877,5357.5,79.0,1127.2303438822134,0.5094280863602094,5976.0,84.0,961.8169360500001,0.5973543310407545,,,,,,,,,8721.5,91.0,1048.82431485,0.4897458739892827,5632.0,86.0,881.30665705,0.28060260914606494,5857.0,82.0,877.6613481500001,0.5984422746745901,5288.0,80.0,1051.3899708100848,0.4253434271360529,5079.5,75.0,871.4589012499999,0.5813008832916277,4528.0,68.0,1255.8886505437335,0.3645363737480156,4775.5,65.0,1132.9784791,0.6484050181596739
4278.0,64.0,1300.8906482145683,0.29399045159203274,4562.0,68.0,1286.3495896348286,0.26420236942194736,4820.0,72.0,901.08614015,0.33709135375953886,5173.0,78.0,1103.3223688,0.36460322732227834,,,,,,,,,,,,,5151.5,65.0,865.67216745,0.5770438645605227,4775.0,70.0,843.4698201534162,0.46976974629224294,5007.0,74.0,740.3890276221498,0.45980128575877977,5437.0,80.0,1125.3014500860447,0.4980729759023745,6059.5,83.0,1215.9212324999999,0.5931620248663181,,,,,,,,,8812.5,91.0,1062.2364393,0.48243987962625307,5718.0,86.0,1283.772583,0.28086040405815815,5940.0,84.0,1142.8373804,0.5950986644354354,5367.5,79.0,1109.976691131896,0.4216956823746923,5154.5,75.0,945.13583675,0.5750682687282744,4596.5,69.0,959.1206911160865,0.3632160577174025,4840.5,65.0,1136.74607655,0.6391109997390044
4342.0,64.0,1300.8906482145683,0.2965022331654818,4630.5,69.0,1285.2542585069934,0.2584788486500997,4892.0,72.0,894.8121069,0.33656003678481256,5250.5,77.0,734.2201958,0.36104337541986153,,,,,,,,,,,,,5216.5,65.0,832.1137913,0.5717679114047942,4844.5,69.0,744.6375265320337,0.4590658318550847,5081.5,75.0,1144.921441805331,0.4536108413808499,5516.0,78.0,1139.8540732298197,0.49385300545700755,6142.0,82.0,1010.3980864,0.585872527281426,,,,,,,,,8903.5,91.0,1060.7256063,0.4738872434174351,5804.0,86.0,1250.8743359999999,0.2782964865395396,6023.5,83.0,1004.5751803,0.5878033862973023,5446.0,78.0,1324.6210863430083,0.41782022140552305,5229.0,74.0,1023.63497305,0.5699020906525677,4666.0,70.0,707.2972339043863,0.3579771464369461,4905.5,65.0,1135.02438205,0.6290283382307628
4406.0,64.0,1245.4184178203905,0.2869730970427904,4699.0,68.0,1283.1929966825928,0.26017307245239085,4964.5,73.0,955.6907404,0.33267113305265006,5327.5,77.0,621.68265505,0.35601503660441003,,,,,,,,,,,,,5281.5,65.0,831.3395178000001,0.5575750842934586,4914.0,70.0,975.1966469476507,0.4540829952962661,5155.5,73.0,1149.8427111843757,0.45058161412133174,5595.0,80.0,1401.3252660992607,0.48802454027525943,6225.0,84.0,1013.3490154000001,0.578697754018204,,,,,,,,,8994.0,90.0,1184.0317885,0.4704578709241598,5890.0,86.0,826.4299942499999,0.2732145891918809,6106.5,83.0,685.77733245,0.5789387514182447,5524.5,79.0,1036.567195932575,0.4138422018591244,5303.5,75.0,965.1851705500001,0.5633995653353502,4735.5,69.0,635.9025482272264,0.3535059145388243,4971.0,66.0,1192.04057875,0.6243118645578939
4470.0,64.0,1190.0924333849032,0.28331481324419566,4767.5,69.0,1231.8857044240362,0.2532573610877434,5037.0,72.0,1161.716952,0.3291608411636785,5404.5,77.0,736.15796195,0.3520832364583891,,,,,,,,,,,,,5346.0,64.0,1038.16207495,0.5559935039241591,4984.0,70.0,1235.4887746377408,0.45077314426620285,5229.0,74.0,735.794343719374,0.44348038996931194,5674.5,79.0,1086.7202971305137,0.47676823498066895,6308.0,82.0,1031.2649209,0.5734648301611911,,,,,,,,,9084.5,91.0,1116.7246795,0.4657444630108217,5976.0,86.0,590.069872,0.26676464979667347,6189.5,83.0,1165.64647465,0.5746406998442734,5604.0,80.0,1097.4326488856927,0.4045188208279676,5378.5,75.0,1256.5214890000002,0.5604602852980441,4804.5,69.0,956.7954632273689,0.3508046437329628,5036.5,65.0,1014.23687225,0.6187261796287808
4533.5,63.0,1243.5942102904582,0.2836713841854548,4836.0,68.0,1038.799586047899,0.2550816593648256,5109.0,72.0,1117.2844375,0.32973637184963195,5481.5,77.0,1179.1847254,0.3512182936369904,,,,,,,,,,,,,5410.5,65.0,1026.57915445,0.5459008978929123,5054.0,70.0,1112.0002343017293,0.43876947432041,5303.5,75.0,1017.3417211933834,0.44043835445967633,5753.0,78.0,1034.8835716160506,0.4704557861459285,6390.5,83.0,686.87992865,0.5633770508622732,,,,,,,,,9175.5,91.0,1138.4253615,0.45675153894721576,6062.0,86.0,598.4221047,0.2660019403663676,6272.0,82.0,1483.0981955,0.5579286727855215,5683.0,78.0,1429.1474731504268,0.40156358369669803,5453.0,74.0,937.99220605,0.5480439333880068,4873.5,69.0,1387.6477401896977,0.34868181919924535,5101.0,64.0,1247.157816,0.6101461718033182
4597.0,64.0,1299.2941038437766,0.275014471667215,,,,,5181.5,73.0,926.9058947999999,0.32448695160952096,,,,,,,,,,,,,,,,,5475.5,65.0,1057.031973,0.5377882730245735,5123.5,69.0,1112.642056310812,0.43416323981732896,5378.0,74.0,1361.3893675230793,0.4340523686804981,5831.5,79.0,981.8836659783557,0.46704730644815584,6473.5,83.0,948.8041217499999,0.5605965763526161,,,,,,,,,9266.0,90.0,1140.44949,0.45261920639852526,,,,,6354.5,83.0,1062.17103245,0.5505764513905369,5761.5,79.0,1195.0267780218107,0.3950528118503702,5528.0,76.0,864.99579805,0.5439360508996133,4942.5,69.0,1067.3490525827863,0.3450418518220376,5165.5,65.0,1107.6016341499999,0.606502450434929
4661.0,64.0,1218.732245639936,0.2749074746252727,,,,,5254.0,72.0,910.1354758,0.3196224103010426,,,,,,,,,,,,,,,,,5540.5,65.0,853.4204522499999,0.5326713112660542,5193.0,70.0,892.3190881060968,0.4302654875967764,5451.5,73.0,941.0713431361536,0.42927875672185345,5910.5,79.0,966.6866155075514,0.4589760887802888,6556.5,83.0,1216.9836074999998,0.5549984475408049,,,,,,,,,9357.0,92.0,897.0482481500001,0.4403424658607559,,,,,6437.5,83.0,803.1766142500001,0.5461960701045625,5840.5,79.0,799.9875626854365,0.38959253586871906,5603.0,74.0,1241.8214455,0.5381926746340472,5011.0,68.0,662.4262234267787,0.34189886138597314,5230.5,65.0,1108.81413265,0.5961378978986764
4724.5,63.0,1218.069207008864,0.2677257599290346,,,,,5326.0,72.0,1098.2898145,0.3183128178871484,,,,,,,,,,,,,,,,,5605.0,64.0,887.54061075,0.5247062771203367,5262.5,69.0,627.4271666538798,0.424337292807356,5525.5,75.0,626.9741890398932,0.4241954755027841,5989.5,79.0,1333.4327227889148,0.45569703727671534,6639.5,83.0,952.93794385,0.5460347287923976,,,,,,,,,9448.0,90.0,963.66554765,0.4393161464930747,,,,,6520.5,83.0,1215.8397733,0.5405994189896877,5919.5,79.0,1040.365645861009,0.38623694845705137,5677.5,75.0,961.6784179,0.5331568408271646,5080.0,70.0,724.580768467993,0.3381904035535174,5295.5,65.0,1215.6415795,0.5930131171098201
4788.0,64.0,1299.683140888093,0.2662248550043268,,,,,5398.5,73.0,931.7877971,0.31739808248547413,,,,,,,,,,,,,,,,,5669.5,65.0,1039.1728794,0.5217121284238052,5332.0,70.0,949.7044622684016,0.42171044825279064,5599.5,73.0,1048.1931475189701,0.42118978355390013,6068.5,79.0,1160.1349233327214,0.44864418978902876,6722.5,83.0,1029.24943385,0.5433678346503206,,,,,,,,,9538.0,90.0,1140.159866,0.43267216872181363,,,,,6603.0,82.0,1060.6778291,0.5298830343160095,5998.0,78.0,1024.4863562288178,0.38199094218700874,5752.5,75.0,873.0917784,0.5255842586619839,5149.0,68.0,1081.6745066255116,0.3326013154348541,5360.5,65.0,886.301827,0.5819590739214292
4852.0,64.0,1299.8125345491696,0.2660430449757684,,,,,5471.0,72.0,935.4254981,0.3176029145512196,,,,,,,,,,,,,,,,,5734.5,65.0,994.3697629000001,0.511628976070989,5402.0,70.0,967.1682937155033,0.4130006964652783,5673.0,74.0,1139.3199967057608,0.41403211369125426,6147.5,79.0,851.4457483814253,0.43945603514951026,6805.0,82.0,1025.39024515,0.5368144249578338,,,,,,,,,9628.5,91.0,890.9508773499999,0.4228547658107002,,,,,6685.5,83.0,1069.1895661,0.5257582729254746,6077.0,80.0,659.3434458634705,0.3713641890851754,5827.0,74.0,1225.1029975000001,0.5244690117763935,5218.0,70.0,1397.636309190693,0.3330705372737296,5425.5,65.0,1099.073866,0.5805730933351214
4916.0,64.0,1300.4249305515486,0.26491735308659353,,,,,5543.0,72.0,1164.3867925,0.313653235707494,,,,,,,,,,,,,,,,,5799.0,64.0,1059.284956,0.5075787325683092,5471.5,69.0,633.2601629229887,0.40601386036687,5747.0,74.0,678.8927412596752,0.4069958855699707,6226.5,79.0,1075.4884250951268,0.4358929079903914,6887.5,83.0,723.7704843500001,0.5287216667808694,,,,,,,,,9719.5,91.0,958.4364113500001,0.4210240714525246,,,,,6768.5,83.0,1092.69312765,0.5191970218656102,6156.0,78.0,815.277406788033,0.3714153581182296,5901.0,74.0,953.58704745,0.5160661314976437,5287.0,68.0,1392.2576470465215,0.33098072483935664,5490.5,65.0,1163.15200825,0.5703898592618075
4979.5,63.0,1299.8125345491696,0.25721555376347593,,,,,5615.5,73.0,1112.2108665,0.309989190787495,,,,,,,,,,,,,,,,,5863.5,65.0,1039.13100905,0.4993140847699473,5540.5,69.0,908.2516723666288,0.4031351632445556,5821.0,74.0,742.6725756965391,0.4042144403932164,6305.0,78.0,951.1298973366656,0.42819982930213274,6970.0,82.0,991.2328952,0.5253746734329071,,,,,,,,,9810.5,91.0,1208.4652465,0.41816443663494945,,,,,6851.5,83.0,696.3593565,0.5099037675801416,6234.5,79.0,1095.2454854424398,0.3668046356991051,5978.5,81.0,676.7291784,0.4531808349519795,5355.5,69.0,977.6626646234894,0.3273541858484383,5555.5,65.0,886.48828635,0.5665140676609378
5043.0,64.0,1296.6559014857323,0.25424835252693906,,,,,5688.0,72.0,1051.332683,0.30771206547497315,,,,,,,,,,,,,,,,,5928.0,64.0,993.41496755,0.49190705712701077,5610.0,70.0,1211.1787727126252,0.3975979904805332,5895.0,74.0,1203.1027997635517,0.4023885606445297,6384.0,80.0,1038.5953874380766,0.4229567037782384,7052.5,83.0,1049.46714995,0.5178711082393586,,,,,,,,,9901.0,90.0,921.52835235,0.4109371538432618,,,,,6934.0,82.0,1087.93787185,0.509038092041361,6313.5,79.0,970.8236312001252,0.36144387889815527,6050.5,63.0,1037.58435595,0.45253784670744596,5424.5,69.0,607.027399448426,0.32348996849836775,5620.0,64.0,1150.5217791,0.5596741545224
5107.0,64.0,1297.9002836752038,0.2516419056952472,,,,,5760.0,72.0,1085.16799,0.301572567428019,,,,,,,,,,,,,,,,,5992.5,65.0,1028.471271,0.4872338642005267,5680.0,70.0,922.1073613272449,0.39015897587097914,5969.0,74.0,1083.4829290025846,0.39667148682207853,6463.0,78.0,1372.7485162659848,0.4189629351383608,7135.5,83.0,775.1897224500001,0.5106700603712224,,,,,,,,,9991.0,90.0,990.2125878500001,0.40507148366063445,,,,,7016.5,83.0,1139.6109435,0.501272125787948,6392.0,78.0,692.850456715248,0.355432373841205,6119.5,75.0,1070.4552115,0.4530795533453119,5493.5,69.0,631.5299799492994,0.3188954722422151,5684.5,65.0,1026.92610685,0.5524680276589152
5170.5,63.0,1300.5976738481045,0.24933200472919523,,,,,,,,,,,,,,,,,,,,,,,,,6057.0,64.0,959.89611105,0.4781397982997279,5749.5,69.0,973.7912044778473,0.38776183002869286,6043.0,74.0,737.7554316587368,0.39153721714563566,6541.0,78.0,999.2022149765457,0.4120828832643699,7218.0,82.0,1019.8991415,0.5084162889633956,,,,,,,,,10081.5,91.0,1276.8330035,0.4005135110410571,,,,,7099.0,82.0,657.8407373,0.4942019649283061,6470.5,79.0,988.1074204878717,0.3522411971240812,6194.5,75.0,758.5059355999999,0.4591402208638112,5562.0,68.0,794.3868732617469,0.3170276604138863,5749.5,65.0,978.5317538500001,0.5470086890838317
5234.0,64.0,1299.6274409844987,0.2456111551459422,,,,,,,,,,,,,,,,,,,,,,,,,6121.5,65.0,987.7005745499999,0.4728840338241488,5819.0,70.0,1313.429197940712,0.3821697875085861,6116.5,73.0,1006.4767397036234,0.38754899573128815,6620.0,80.0,954.7639510186732,0.4054390937297785,7300.5,83.0,1217.070356,0.5052131192426956,,,,,,,,,10172.5,91.0,1137.9089020000001,0.3999809961841454,,,,,7182.0,84.0,1002.0886148,0.4915424921994153,6549.5,79.0,1236.127522132199,0.3496290515121423,6274.0,84.0,924.8767541,0.45362581638812477,5630.5,69.0,1187.1520547409561,0.3161582963860038,5814.0,64.0,1371.903178,0.5419262470693712
5298.0,64.0,1299.748437198522,0.24600506251872298,,,,,,,,,,,,,,,,,,,,,,,,,6186.0,64.0,1054.3351049999999,0.47188284651137713,5888.5,69.0,1013.065302948198,0.38041239348436445,6190.0,74.0,1351.9632148008563,0.38789407677336596,6699.0,78.0,1266.5253047602196,0.40191195890584486,7383.0,82.0,935.7374201499999,0.5000022484674909,,,,,,,,,10263.0,90.0,841.28644135,0.3918059208234416,,,,,7264.5,81.0,1417.0007974999999,0.48908662410870846,6628.5,79.0,933.2150115050742,0.34584910893625737,6353.0,74.0,1084.9889665,0.45169642929998893,5700.0,70.0,1217.5139728146328,0.3140922355074486,5878.5,65.0,1094.6755252,0.5368400996465783
5361.5,63.0,1300.7186700621278,0.23822636234366842,,,,,,,,,,,,,,,,,,,,,,,,,6250.5,65.0,846.1512984,0.463442372721813,5957.5,69.0,691.0083358957866,0.3694833570713046,6264.0,74.0,1146.9535764308253,0.3815840175157515,6777.0,78.0,1046.980542713056,0.3991698762196898,7465.5,83.0,878.3695931499999,0.4923674287274768,,,,,,,,,10353.0,90.0,999.01046235,0.3887443436343425,,,,,7346.5,83.0,978.3544921999999,0.48329428431873983,6707.0,78.0,627.6911822881134,0.3371716168515121,6427.0,74.0,1065.983234,0.458801081320732,5769.5,69.0,857.7973247175598,0.308443509395661,5943.5,65.0,1054.6392657,0.529689223180606
5425.0,64.0,1279.982154990481,0.23756365011233133,,,,,,,,,,,,,,,,,,,,,,,,,6315.0,64.0,893.5677099,0.4539942514721416,6027.0,70.0,991.8953343308245,0.36922744481055086,6338.0,74.0,717.1591525252239,0.3748037015903591,6855.5,79.0,737.1040575690572,0.3885982072399952,7548.0,82.0,1155.736409,0.49093784305521476,,,,,,,,,10443.5,91.0,1315.0073200000002,0.3829487656544659,,,,,7429.5,83.0,604.0546910999999,0.4764320263783008,6785.5,79.0,932.4474793427298,0.33554416797875825,6497.5,67.0,1216.7023175,0.45847354336815027,5838.5,69.0,688.608218948872,0.3073450855562587,6008.0,64.0,1303.059669,0.5248088610849441
5488.5,63.0,1278.2696238643048,0.2328540412181316,,,,,,,,,,,,,,,,,,,,,,,,,6379.0,64.0,1040.2696921000002,0.4476048785767023,6096.5,69.0,1265.545200107676,0.3681406618327079,6412.0,74.0,609.298611837153,0.37207178372489164,6934.5,79.0,1005.1747462466442,0.38628396708239054,7630.5,83.0,998.7072906000001,0.48753835874800455,,,,,,,,,10534.5,91.0,1156.609412,0.38047941145525466,,,,,7512.0,82.0,1042.4826179,0.4741815313186387,6864.5,79.0,1307.1903089327343,0.33288535751136616,6568.5,75.0,1284.460686,0.45827245620307033,5907.0,68.0,694.0818413431173,0.3009385780407816,6072.5,65.0,905.21393135,0.5163386646031964
5552.0,64.0,1298.751039513459,0.23021413845613237,,,,,,,,,,,,,,,,,,,,,,,,,6443.5,65.0,811.82908165,0.4419873601469318,6166.0,70.0,942.500002158597,0.36002630369336414,6485.5,73.0,1039.998719119815,0.36925016857113807,7013.0,78.0,1218.0748212344033,0.38140588106023576,7713.5,83.0,696.2056490499999,0.47612246863414065,,,,,,,,,10625.5,91.0,960.7394236499999,0.37288573249984974,,,,,7594.0,82.0,1191.1853411,0.47113716051602966,6943.0,78.0,1039.9597518270648,0.32937002827818845,6644.0,76.0,927.342717,0.45999601669960033,5975.5,69.0,1027.905386002958,0.2981580521659749,6137.0,64.0,959.03474535,0.5099229184693106
5616.0,64.0,1300.3250819587302,0.22869389899223547,,,,,,,,,,,,,,,,,,,,,,,,,6508.0,64.0,870.60060255,0.438011598791284,6235.0,68.0,626.4240262775002,0.35323898144296123,6559.0,74.0,1430.281179176221,0.36676187606574606,7091.5,79.0,843.2462668980136,0.37439603224964635,7795.5,81.0,918.82996995,0.47321151375326287,,,,,,,,,10715.5,89.0,1136.38464765,0.36938039475619516,,,,,7676.5,83.0,766.31940195,0.46415168137769414,7021.5,79.0,687.6622858582548,0.31878037516266394,6720.0,76.0,668.8372674,0.45792702345687264,6044.5,69.0,1384.890071643852,0.2995445263371561,6201.5,65.0,1399.9152015,0.5054127627285883
5679.5,63.0,1301.411925563924,0.2274574976506834,,,,,,,,,,,,,,,,,,,,,,,,,6572.5,65.0,881.3540820999999,0.430972128688847,6304.0,70.0,950.4733212217614,0.35008883338620744,6633.0,74.0,1076.8660564756892,0.36085952909842717,7170.0,78.0,689.5260531421484,0.37043482013995754,7877.5,83.0,1222.4979585,0.4715361770516752,,,,,,,,,10805.5,91.0,1337.700272,0.367128338242493,,,,,7759.0,82.0,694.7675963,0.4587037658880591,7100.5,79.0,725.6034766251757,0.3186448869185292,6795.0,74.0,1025.2866964,0.4526102116903644,6113.5,69.0,1453.9997595902828,0.2962473862944345,6266.0,64.0,975.1232012,0.4995541989983831
5743.0,64.0,1300.8123002376124,0.22604411810271555,,,,,,,,,,,,,,,,,,,,,,,,,6637.0,64.0,627.17920675,0.4236109270216409,6373.5,69.0,1238.1778995350141,0.346325420485152,6707.0,74.0,722.756202324891,0.3561087742736379,7248.5,79.0,1064.6964179437773,0.36630055827816704,7960.0,82.0,1008.94268835,0.4678643925934892,,,,,,,,,10896.5,91.0,1007.2242226,0.36190965905106814,,,,,7841.5,83.0,1121.66318795,0.4557808627069489,7179.0,78.0,1193.4765894350362,0.3175583496856415,6869.0,74.0,974.97757395,0.44861569313115723,6182.5,69.0,1096.8689130194402,0.2928566905658157,6330.5,65.0,649.2693696,0.49342613796117013
5806.5,63.0,1107.7330958516166,0.2190490339033998,,,,,,,,,,,,,,,,,,,,,,,,,6701.0,64.0,838.01651065,0.41885276969127383,6443.0,70.0,865.6779140269052,0.3396211080134767,6781.0,74.0,725.3928010710624,0.3535670486739821,7327.5,79.0,1061.3580937328975,0.36343829839817055,8042.5,83.0,628.79666825,0.4611382743499864,,,,,,,,,10987.0,90.0,706.9493067999999,0.35423780999767546,,,,,7924.0,82.0,1401.191025,0.45281846874658876,7257.0,78.0,1473.984073123822,0.31516887471726374,6943.5,75.0,671.6460078,0.44188544953241116,6251.0,68.0,1008.8340424312473,0.2902220103093907,6395.0,64.0,1099.1480459,0.4903648001299434
5870.0,64.0,1030.2315522983574,0.217739953709156,,,,,,,,,,,,,,,,,,,,,,,,,6765.0,64.0,1033.2163447,0.41552652789099065,6512.0,68.0,660.2532497262197,0.33714520468936066,6854.5,73.0,1080.8055880177715,0.3505882983431978,7406.0,78.0,703.9686794911352,0.3553162185464256,8125.0,82.0,838.3351699,0.4569337388375989,,,,,,,,,,,,,,,,,8006.0,82.0,1035.5787262,0.44741032906198963,,,,,7018.0,74.0,936.60091135,0.438143247135101,6319.5,69.0,1092.5014919839805,0.2868771292888202,6459.5,65.0,1091.53106095,0.484755448775307
5934.0,64.0,1223.3678076024632,0.21547098852818192,,,,,,,,,,,,,,,,,,,,,,,,,6829.0,64.0,794.64872915,0.4039769828367892,6581.0,70.0,1031.9073011444707,0.33066872197821034,6927.5,73.0,1104.5136007515976,0.3465084606079452,7484.0,78.0,707.1946340983998,0.3508006269781036,,,,,,,,,,,,,,,,,,,,,8088.0,82.0,662.4405337999999,0.4405148776073432,,,,,7092.0,74.0,1239.477511,0.4349236437981609,6389.0,70.0,830.8983047526225,0.28447196304669303,6524.0,64.0,635.8351291,0.47940921522783003
5997.5,63.0,1300.9329914751152,0.21171563760601791,,,,,,,,,,,,,,,,,,,,,,,,,6893.0,64.0,858.94488695,0.40387631694124865,6650.5,69.0,1064.0010776360261,0.32847347122442766,7001.0,74.0,826.7816376278904,0.33974359635592044,7562.0,78.0,990.3288627694089,0.3487660356414507,,,,,,,,,,,,,,,,,,,,,8170.5,83.0,874.1648326,0.43993709460117464,,,,,7166.0,74.0,979.1008632,0.43145580570937553,6458.0,68.0,856.7873161141812,0.28272206875513484,6588.0,64.0,963.55012315,0.47526557153402876
6061.0,64.0,1300.3399555500862,0.2081457288850076,,,,,,,,,,,,,,,,,,,,,,,,,6957.5,65.0,1104.7540275000001,0.3999105792965929,6720.0,70.0,758.6624368725583,0.3234624143142534,7075.0,74.0,918.0550166598932,0.33671045277493766,7640.5,79.0,891.3087586903764,0.34082828203572574,,,,,,,,,,,,,,,,,,,,,8253.0,82.0,1326.9240055,0.43676387007998946,,,,,7240.5,75.0,759.4792198,0.4230034990052596,6526.5,69.0,1206.8508741986948,0.27997400427334196,6652.5,65.0,1417.929663,0.4701835232050774
6125.0,64.0,1300.4439584939398,0.20996725746343745,,,,,,,,,,,,,,,,,,,,,,,,,7022.0,64.0,882.9774927000001,0.3956925174526248,6789.5,69.0,718.9676856541266,0.3196302232901628,7149.0,74.0,851.4877344608503,0.3349683519130593,7719.0,78.0,658.8400451367464,0.3376067904272804,,,,,,,,,,,,,,,,,,,,,,,,,,,,,,,,,6595.5,69.0,1451.6957035623327,0.2763002747771568,6717.0,64.0,981.88359845,0.4618246218378007
6188.5,63.0,1225.2961542044068,0.20507754897508237,,,,,,,,,,,,,,,,,,,,,,,,,7086.0,64.0,648.9829818999999,0.38971530681868805,6858.5,69.0,1024.608462048348,0.31367450108726813,7222.5,73.0,1086.2988244811588,0.33346212663903196,7797.0,78.0,953.0012818731179,0.3334380964963307,,,,,,,,,,,,,,,,,,,,,,,,,,,,,,,,,6664.0,68.0,1073.472985258552,0.27471010917533345,6781.5,65.0,975.18922045,0.4556292580288209
6251.5,63.0,1058.5811150841532,0.19919054637684624,,,,,,,,,,,,,,,,,,,,,,,,,7150.0,64.0,870.3593536999999,0.3850437180858537,6927.5,69.0,1241.2302387199852,0.3118026164636175,7296.0,74.0,1081.8656125247683,0.3266645592116564,7875.5,79.0,1259.5955701145763,0.33036207606843665,,,,,,,,,,,,,,,,,,,,,,,,,,,,,,,,,6732.5,69.0,990.8039326788638,0.27107407865194205,6846.0,64.0,1085.21918005,0.4507329122353131
6315.0,64.0,973.0714542068501,0.1968216478245805,,,,,,,,,,,,,,,,,,,,,,,,,7214.0,64.0,1040.6417901999998,0.3842076593161095,6996.5,69.0,964.2058918575589,0.3089453674827184,7369.5,73.0,770.1977999420351,0.3205266196318467,7954.0,78.0,1003.5951960656756,0.3279969748308168,,,,,,,,,,,,,,,,,,,,,,,,,,,,,,,,,6801.5,69.0,1037.350697465348,0.2663558772695954,6910.0,64.0,677.2115034999999,0.44387042002467497
6379.0,64.0,1139.9417939293971,0.19631432681802127,,,,,,,,,,,,,,,,,,,,,,,,,7278.5,65.0,981.9122536499999,0.3724979165550619,7066.0,70.0,823.5981089730092,0.3024924035572042,7443.5,75.0,1042.6305850350693,0.32106299239475156,8032.0,78.0,636.5948602118176,0.3239654686510002,,,,,,,,,,,,,,,,,,,,,,,,,,,,,,,,,6870.5,69.0,825.2302726190352,0.2667436192985989,6974.0,64.0,1006.37679495,0.43952291252250086
,,,,,,,,,,,,,,,,,,,,,,,,,,,,7343.0,64.0,1042.87020995,0.36926971391950725,7135.0,68.0,1098.5957916384712,0.2984113387437609,7517.5,73.0,1111.5687850624647,0.3183937707719296,8110.5,79.0,700.3112200006158,0.3172506821209531,,,,,,,,,,,,,,,,,,,,,,,,,,,,,,,,,6939.5,69.0,925.6543632312276,0.2645634736600204,7038.5,65.0,1422.224346,0.43537237800364154
,,,,,,,,,,,,,,,,,,,,,,,,,,,,7407.0,64.0,1101.0968675,0.3662436327291948,7203.5,69.0,1309.7500797395237,0.29449174400918726,7590.5,73.0,1184.6200870985135,0.31352586345294153,8189.5,79.0,1067.143546049798,0.31532559497628204,,,,,,,,,,,,,,,,,,,,,,,,,,,,,,,,,7008.0,68.0,1221.7087647095002,0.26549211142487317,7103.0,64.0,991.1834256500001,0.43035831448002937
,,,,,,,,,,,,,,,,,,,,,,,,,,,,7471.0,64.0,883.6273362,0.36124817696733813,7273.0,70.0,1075.5103549787086,0.2954271870498521,7664.0,74.0,1056.7058552035153,0.3098605897784099,8267.5,77.0,1008.1676486134163,0.3105080428962171,,,,,,,,,,,,,,,,,,,,,,,,,,,,,,,,,7076.5,69.0,1450.9316065572348,0.26109439560232567,7167.0,64.0,574.1689764,0.42272725091788954
,,,,,,,,,,,,,,,,,,,,,,,,,,,,7535.0,64.0,825.23367795,0.35437326539629954,7342.5,69.0,1079.149785731107,0.2874402940367508,7738.0,74.0,994.7508841846667,0.3046274526554793,8345.5,79.0,711.4714596244883,0.30231755039086183,,,,,,,,,,,,,,,,,,,,,,,,,,,,,,,,,7145.5,69.0,1194.6535076747066,0.25701937881204173,7231.0,64.0,1006.56390025,0.4222144719902931
,,,,,,,,,,,,,,,,,,,,,,,,,,,,7599.0,64.0,1045.52024475,0.35136807642410817,7411.5,69.0,1264.2417752496908,0.283919392070238,7811.5,73.0,1143.5176212368629,0.30197558139645414,8423.5,77.0,702.2410773237202,0.2999827098376918,,,,,,,,,,,,,,,,,,,,,,,,,,,,,,,,,7214.0,68.0,1007.268211882837,0.25574936266117787,7295.0,64.0,1331.575981,0.416949946886845
,,,,,,,,,,,,,,,,,,,,,,,,,,,,7663.0,64.0,1061.496731,0.3466372956711504,7480.5,69.0,1262.412871347371,0.28137626089666196,7884.5,73.0,875.4206579292465,0.2993455102687283,8501.5,79.0,997.687349102916,0.2996795615751876,,,,,,,,,,,,,,,,,,,,,,,,,,,,,,,,,7283.0,70.0,999.0231553916062,0.252207903415232,7359.5,65.0,906.298199,0.4143036811941561
,,,,,,,,,,,,,,,,,,,,,,,,,,,,7727.0,64.0,1001.8571961499999,0.33900502474001476,7549.5,69.0,1313.3736212488943,0.2810652363611435,7958.0,74.0,1097.015215055019,0.30043204344687907,8580.5,79.0,1214.2080768896235,0.2941264544530034,,,,,,,,,,,,,,,,,,,,,,,,,,,,,,,,,,,,,7424.0,64.0,549.08363515,0.4068557491312579
,,,,,,,,,,,,,,,,,,,,,,,,,,,,7791.0,64.0,1002.95979315,0.33834333721943644,,,,,8031.5,73.0,1428.3774925852263,0.2969062388190034,8659.0,78.0,894.0958289219319,0.2876967154561252,,,,,,,,,,,,,,,,,,,,,,,,,,,,,,,,,,,,,7488.0,64.0,923.9433626499999,0.40316245390201333
,,,,,,,,,,,,,,,,,,,,,,,,,,,,7855.0,64.0,1062.892773,0.330444510930226,,,,,8105.0,74.0,1106.8308441573658,0.29586261210020914,8737.0,78.0,710.0695689076813,0.2845194522102432,,,,,,,,,,,,,,,,,,,,,,,,,,,,,,,,,,,,,7552.0,64.0,1373.6056585000001,0.4030155657863292
,,,,,,,,,,,,,,,,,,,,,,,,,,,,7919.0,64.0,1061.7845295,0.3263596754414001,,,,,8178.5,73.0,1046.580758737793,0.28819522150238447,8815.0,78.0,726.2261483255074,0.2817926829606169,,,,,,,,,,,,,,,,,,,,,,,,,,,,,,,,,,,,,7616.5,65.0,1101.4064274500001,0.39917163630063807
,,,,,,,,,,,,,,,,,,,,,,,,,,,,7983.0,64.0,1007.0626977,0.3197899857599359,,,,,8252.0,74.0,1290.674889559838,0.28352119889769073,8893.0,78.0,987.8293681213634,0.2803422186125076,,,,,,,,,,,,,,,,,,,,,,,,,,,,,,,,,,,,,7681.0,64.0,663.6279448,0.3951108425855
,,,,,,,,,,,,,,,,,,,,,,,,,,,,8046.5,63.0,1029.5063172,0.31887851312033627,,,,,8325.5,73.0,964.5472858653478,0.2842946428705311,8971.5,79.0,1219.2128784145084,0.2765777063939324,,,,,,,,,,,,,,,,,,,,,,,,,,,,,,,,,,,,,7745.0,64.0,592.05974865,0.3889148082375376
,,,,,,,,,,,,,,,,,,,,,,,,,,,,8110.0,64.0,1083.5844929999998,0.31431869775568866,,,,,8399.0,74.0,1038.9280584192247,0.2796372345272847,9049.5,77.0,887.8303395641465,0.27270136021055696,,,,,,,,,,,,,,,,,,,,,,,,,,,,,,,,,,,,,7809.0,64.0,1026.2518533,0.38763780362412875
,,,,,,,,,,,,,,,,,,,,,,,,,,,,8174.0,64.0,1104.9353350000001,0.3120857685108712,,,,,8472.5,73.0,1428.8940927058313,0.2790389006499802,9127.0,78.0,889.2764758971489,0.26586099153408904,,,,,,,,,,,,,,,,,,,,,,,,,,,,,,,,,,,,,7873.0,64.0,1423.5480435,0.3832814892302569
,,,,,,,,,,,,,,,,,,,,,,,,,,,,8238.0,64.0,892.4270603,0.30582927355253375,,,,,8546.0,74.0,1370.0347624106348,0.27638317096916454,9205.5,79.0,1124.9242495250064,0.2654214697247475,,,,,,,,,,,,,,,,,,,,,,,,,,,,,,,,,,,,,7937.0,64.0,1099.41468625,0.37900301672990294
,,,,,,,,,,,,,,,,,,,,,,,,,,,,8301.5,63.0,850.3482627999999,0.300235941515725,,,,,8619.5,73.0,1141.67267904067,0.2723693146473618,,,,,,,,,,,,,,,,,,,,,,,,,,,,,,,,,,,,,,,,,8001.0,64.0,598.7907712,0.37255718497269796
,,,,,,,,,,,,,,,,,,,,,,,,,,,,8365.5,65.0,1021.728927,0.30012175131863744,,,,,8693.0,74.0,1139.6123328798708,0.27570335874579016,,,,,,,,,,,,,,,,,,,,,,,,,,,,,,,,,,,,,,,,,8064.5,63.0,920.85348995,0.3702936182296501
,,,,,,,,,,,,,,,,,,,,,,,,,,,,8430.0,64.0,1063.4895625,0.29685678088411427,,,,,8766.5,73.0,1284.2531877737383,0.26893601993143923,,,,,,,,,,,,,,,,,,,,,,,,,,,,,,,,,,,,,,,,,8128.5,65.0,1420.9829415,0.367885103289919
,,,,,,,,,,,,,,,,,,,,,,,,,,,,8493.5,63.0,1103.1913985,0.29294125551299477,,,,,8839.5,73.0,1025.5121292705253,0.2649981637029002,,,,,,,,,,,,,,,,,,,,,,,,,,,,,,,,,,,,,,,,,8193.0,64.0,1109.1738778000001,0.36340293949631003
,,,,,,,,,,,,,,,,,,,,,,,,,,,,8557.0,64.0,1040.0509775,0.2897796300073825,,,,,8913.0,74.0,1108.4343398726958,0.26667612225359605,,,,,,,,,,,,,,,,,,,,,,,,,,,,,,,,,,,,,,,,,8257.0,64.0,652.6963411,0.3590340554501982
,,,,,,,,,,,,,,,,,,,,,,,,,,,,8621.0,64.0,985.28831855,0.28370812550814084,,,,,8987.0,74.0,1433.958594674286,0.262344400511654,,,,,,,,,,,,,,,,,,,,,,,,,,,,,,,,,,,,,,,,,8321.0,64.0,580.4869757,0.3532597576332298
,,,,,,,,,,,,,,,,,,,,,,,,,,,,8684.5,63.0,1050.32866255,0.2820696903972096,,,,,9060.5,73.0,1188.4698047224192,0.26006768366659533,,,,,,,,,,,,,,,,,,,,,,,,,,,,,,,,,,,,,,,,,,,,
,,,,,,,,,,,,,,,,,,,,,,,,,,,,8748.0,64.0,1107.950943,0.2788328460506629,,,,,9133.5,73.0,1185.7961659469993,0.26033904102416167,,,,,,,,,,,,,,,,,,,,,,,,,,,,,,,,,,,,,,,,,,,,
,,,,,,,,,,,,,,,,,,,,,,,,,,,,8812.5,65.0,1106.851842,0.27693763328819965,,,,,9206.5,73.0,1369.5419097212234,0.2532473763825807,,,,,,,,,,,,,,,,,,,,,,,,,,,,,,,,,,,,,,,,,,,,
,,,,,,,,,,,,,,,,,,,,,,,,,,,,8876.5,63.0,1043.17891995,0.2702049625233093,,,,,9280.0,74.0,1053.0555342805806,0.25330472543835497,,,,,,,,,,,,,,,,,,,,,,,,,,,,,,,,,,,,,,,,,,,,
,,,,,,,,,,,,,,,,,,,,,,,,,,,,8940.0,64.0,1026.07845995,0.2695435388064521,,,,,9354.0,74.0,712.972894582759,0.25069080912554326,,,,,,,,,,,,,,,,,,,,,,,,,,,,,,,,,,,,,,,,,,,,
,,,,,,,,,,,,,,,,,,,,,,,,,,,,9004.0,64.0,870.70735345,0.2665739527552843,,,,,9427.0,72.0,1031.422260527951,0.2476129858552228,,,,,,,,,,,,,,,,,,,,,,,,,,,,,,,,,,,,,,,,,,,,
,,,,,,,,,,,,,,,,,,,,,,,,,,,,9067.5,63.0,887.68041045,0.26102755946213013,,,,,9500.5,75.0,1434.5985501177672,0.24518045246617332,,,,,,,,,,,,,,,,,,,,,,,,,,,,,,,,,,,,,,,,,,,,
,,,,,,,,,,,,,,,,,,,,,,,,,,,,9131.0,64.0,1106.114039,0.2618864264043892,,,,,9574.5,73.0,1384.0301053044932,0.2426188273156693,,,,,,,,,,,,,,,,,,,,,,,,,,,,,,,,,,,,,,,,,,,,
,,,,,,,,,,,,,,,,,,,,,,,,,,,,9194.5,63.0,1106.243475,0.2588108656470831,,,,,9647.0,72.0,1382.4537165640509,0.24216210080023362,,,,,,,,,,,,,,,,,,,,,,,,,,,,,,,,,,,,,,,,,,,,
,,,,,,,,,,,,,,,,,,,,,,,,,,,,9258.5,65.0,1102.6039275,0.25644735325149215,,,,,9720.0,74.0,1431.9309566443765,0.23684716597479763,,,,,,,,,,,,,,,,,,,,,,,,,,,,,,,,,,,,,,,,,,,,
,,,,,,,,,,,,,,,,,,,,,,,,,,,,9323.0,64.0,1101.5085275000001,0.2538578029349788,,,,,9793.5,73.0,1349.1047838582463,0.23584522539442795,,,,,,,,,,,,,,,,,,,,,,,,,,,,,,,,,,,,,,,,,,,,
,,,,,,,,,,,,,,,,,,,,,,,,,,,,9386.5,63.0,1105.3137925,0.24797224270947563,,,,,9867.0,74.0,1084.564733210481,0.2323308528884343,,,,,,,,,,,,,,,,,,,,,,,,,,,,,,,,,,,,,,,,,,,,
,,,,,,,,,,,,,,,,,,,,,,,,,,,,9449.5,63.0,1106.447588,0.24719893687693445,,,,,9940.5,73.0,764.709949776999,0.23047948738918303,,,,,,,,,,,,,,,,,,,,,,,,,,,,,,,,,,,,,,,,,,,,
,,,,,,,,,,,,,,,,,,,,,,,,,,,,9513.0,64.0,1106.932699,0.2451528477162509,,,,,10013.5,73.0,1028.8821706553374,0.23007253405025624,,,,,,,,,,,,,,,,,,,,,,,,,,,,,,,,,,,,,,,,,,,,
,,,,,,,,,,,,,,,,,,,,,,,,,,,,9577.5,65.0,1106.932699,0.24393128411265086,,,,,10087.0,74.0,1433.2545211503646,0.22960525645262966,,,,,,,,,,,,,,,,,,,,,,,,,,,,,,,,,,,,,,,,,,,,
,,,,,,,,,,,,,,,,,,,,,,,,,,,,9641.5,63.0,1106.932699,0.24378599169744214,,,,,10160.5,73.0,1434.7161696196692,0.2268988814762942,,,,,,,,,,,,,,,,,,,,,,,,,,,,,,,,,,,,,,,,,,,,
,,,,,,,,,,,,,,,,,,,,,,,,,,,,9704.5,63.0,1104.2650875,0.23550657669612743,,,,,10233.5,73.0,1150.9059711099192,0.2275560737874754,,,,,,,,,,,,,,,,,,,,,,,,,,,,,,,,,,,,,,,,,,,,
,,,,,,,,,,,,,,,,,,,,,,,,,,,,9768.0,64.0,1103.016313,0.2298790425370618,,,,,10306.5,73.0,1150.418737347236,0.2266817878423615,,,,,,,,,,,,,,,,,,,,,,,,,,,,,,,,,,,,,,,,,,,,
,,,,,,,,,,,,,,,,,,,,,,,,,,,,9832.0,64.0,1104.809875,0.23077235742805183,,,,,10380.0,74.0,1422.8360784508404,0.21934420922907227,,,,,,,,,,,,,,,,,,,,,,,,,,,,,,,,,,,,,,,,,,,,
,,,,,,,,,,,,,,,,,,,,,,,,,,,,9895.5,63.0,1106.2713585000001,0.23076259139528815,,,,,10454.0,74.0,1214.6885540306616,0.21501201646775758,,,,,,,,,,,,,,,,,,,,,,,,,,,,,,,,,,,,,,,,,,,,
,,,,,,,,,,,,,,,,,,,,,,,,,,,,9959.0,64.0,1107.9578689999998,0.22587924750338803,,,,,10527.0,72.0,1141.9699809865456,0.21217510605060758,,,,,,,,,,,,,,,,,,,,,,,,,,,,,,,,,,,,,,,,,,,,
,,,,,,,,,,,,,,,,,,,,,,,,,,,,10023.0,64.0,1108.445076,0.22726214536596262,,,,,10600.0,74.0,1066.2604115742731,0.2132635802157118,,,,,,,,,,,,,,,,,,,,,,,,,,,,,,,,,,,,,,,,,,,,
,,,,,,,,,,,,,,,,,,,,,,,,,,,,10086.5,63.0,1046.7210848,0.2260825718511481,,,,,10673.5,73.0,1151.6781260453279,0.2130223961192774,,,,,,,,,,,,,,,,,,,,,,,,,,,,,,,,,,,,,,,,,,,,
,,,,,,,,,,,,,,,,,,,,,,,,,,,,10150.0,64.0,1046.7210848,0.22014586575134026,,,,,10746.5,73.0,1436.3590529916314,0.2113242647054754,,,,,,,,,,,,,,,,,,,,,,,,,,,,,,,,,,,,,,,,,,,,
,,,,,,,,,,,,,,,,,,,,,,,,,,,,10213.5,63.0,1107.2458259999999,0.21554473524188533,,,,,10820.0,74.0,1434.298798426311,0.211587479795767,,,,,,,,,,,,,,,,,,,,,,,,,,,,,,,,,,,,,,,,,,,,
,,,,,,,,,,,,,,,,,,,,,,,,,,,,10277.0,64.0,1105.678194,0.21434828871109352,,,,,10893.5,73.0,1433.8097017383966,0.21003446452376887,,,,,,,,,,,,,,,,,,,,,,,,,,,,,,,,,,,,,,,,,,,,
,,,,,,,,,,,,,,,,,,,,,,,,,,,,10341.0,64.0,1105.197267,0.21198905255273576,,,,,10966.5,73.0,1432.2385469697224,0.2087740848072842,,,,,,,,,,,,,,,,,,,,,,,,,,,,,,,,,,,,,,,,,,,,
,,,,,,,,,,,,,,,,,,,,,,,,,,,,10404.5,63.0,1106.1754125,0.21093183062038667,,,,,11040.0,74.0,1351.9195879705505,0.2066016173799398,,,,,,,,,,,,,,,,,,,,,,,,,,,,,,,,,,,,,,,,,,,,
,,,,,,,,,,,,,,,,,,,,,,,,,,,,10468.0,64.0,1107.6426595,0.21086091992092262,,,,,,,,,,,,,,,,,,,,,,,,,,,,,,,,,,,,,,,,,,,,,,,,,,,,
,,,,,,,,,,,,,,,,,,,,,,,,,,,,10531.5,63.0,1106.560677,0.2077865713254126,,,,,,,,,,,,,,,,,,,,,,,,,,,,,,,,,,,,,,,,,,,,,,,,,,,,
